row_key,gpt_label
72533,CODE_IMPROVEMENT
714,UNDERSTANDING
72570,SOCIAL
1828,SOCIAL
70902,DEFECT
74675,DEFECT
74568,DEFECT
71231,CODE_IMPROVEMENT
74669,KNOWLEDGE_TRANSFER
1768,DEFECT
75257,CODE_IMPROVEMENT
7,DEFECT
73566,KNOWLEDGE_TRANSFER
74365,TESTING
841,CODE_IMPROVEMENT
70869,DEFECT
741,KNOWLEDGE_TRANSFER
241,DEFECT
74673,CODE_IMPROVEMENT
71518,DEFECT
74672,DEFECT
74671,CODE_IMPROVEMENT
75377,TESTING
70303,KNOWLEDGE_TRANSFER
941,DEFECT
70469,SOCIAL
71002,CODE_IMPROVEMENT
72499,DEFECT
74564,DEFECT
71141,TESTING
1738,DEFECT
2,MISC
74674,DEFECT
74563,DEFECT
72412,KNOWLEDGE_TRANSFER
74567,DEFECT
4,DEFECT
70904,DEFECT
6,DEFECT
75178,DEFECT
74566,DEFECT
74562,DEFECT
70906,DEFECT
74670,DEFECT
1611,CODE_IMPROVEMENT
70905,DEFECT
70870,CODE_IMPROVEMENT
75700,DEFECT
70903,DEFECT
786,SOCIAL
74569,DEFECT
70227,KNOWLEDGE_TRANSFER
72381,DEFECT
75251,TESTING
74565,DEFECT
85661,CODE_IMPROVEMENT
10856,CODE_IMPROVEMENT
115646,DEFECT
112527,CODE_IMPROVEMENT
4873,TESTING
93237,CODE_IMPROVEMENT
117274,CODE_IMPROVEMENT
111461,SOCIAL
12278,SOCIAL
94874,CODE_IMPROVEMENT
102141,DEFECT
83825,CODE_IMPROVEMENT
105694,CODE_IMPROVEMENT
5968,DEFECT
116103,DEFECT
11783,CODE_IMPROVEMENT
79852,CODE_IMPROVEMENT
107180,CODE_IMPROVEMENT
121577,DEFECT
84258,CODE_IMPROVEMENT
9208,CODE_IMPROVEMENT
104128,MISC
16051,KNOWLEDGE_TRANSFER
7544,TESTING
84823,SOCIAL
3992,REVIEW_TOOL
83320,CODE_IMPROVEMENT
87428,CODE_IMPROVEMENT
12026,CODE_IMPROVEMENT
114243,DEFECT
118071,MISC
5908,SOCIAL
15240,DEFECT
86856,CODE_IMPROVEMENT
93590,CODE_IMPROVEMENT
7654,TESTING
117848,CODE_IMPROVEMENT
80686,CODE_IMPROVEMENT
102012,CODE_IMPROVEMENT
115866,SOCIAL
77519,CODE_IMPROVEMENT
6566,REVIEW_TOOL
5894,REVIEW_TOOL
120097,CODE_IMPROVEMENT
11592,MISC
104530,CODE_IMPROVEMENT
11972,CODE_IMPROVEMENT
121946,CODE_IMPROVEMENT
85085,CODE_IMPROVEMENT
108423,DEFECT
120897,CODE_IMPROVEMENT
84928,DEFECT
4760,DEFECT
80125,CODE_IMPROVEMENT
122513,MISC
93202,DEFECT
86280,CODE_IMPROVEMENT
91128,CODE_IMPROVEMENT
17975,REVIEW_TOOL
100564,KNOWLEDGE_TRANSFER
83508,TESTING
11663,CODE_IMPROVEMENT
119321,KNOWLEDGE_TRANSFER
89395,SOCIAL
97703,CODE_IMPROVEMENT
104905,CODE_IMPROVEMENT
90310,CODE_IMPROVEMENT
6109,CODE_IMPROVEMENT
88430,SETUP
5258,CODE_IMPROVEMENT
100427,CODE_IMPROVEMENT
12692,MISC
112161,DEFECT
103904,CODE_IMPROVEMENT
10780,DEFECT
120264,DEFECT
12955,REVIEW_TOOL
83106,CODE_IMPROVEMENT
97978,CODE_IMPROVEMENT
111858,DEFECT
100076,CODE_IMPROVEMENT
78706,CODE_IMPROVEMENT
103785,CODE_IMPROVEMENT
116240,CODE_IMPROVEMENT
113086,TESTING
88308,CODE_IMPROVEMENT
103275,CODE_IMPROVEMENT
83381,CODE_IMPROVEMENT
9604,MISC
8529,REVIEW_TOOL
122592,TESTING
96387,MISC
79508,CODE_IMPROVEMENT
12400,CODE_IMPROVEMENT
16179,MISC
108445,TESTING
9002,TESTING
105211,CODE_IMPROVEMENT
78319,TESTING
90921,CODE_IMPROVEMENT
66262,DEFECT
61905,DEFECT
60508,DEFECT
63644,DEFECT
64254,DEFECT
63898,DEFECT
60025,DEFECT
60518,DEFECT
177620,DEFECT
62139,DEFECT
65447,DEFECT
60902,DEFECT
63139,DEFECT
64867,DEFECT
60668,DEFECT
64222,DEFECT
60206,DEFECT
66454,DEFECT
62581,DEFECT
174750,DEFECT
62427,DEFECT
62264,DEFECT
65578,DEFECT
176184,DEFECT
61299,DEFECT
60596,DEFECT
60457,DEFECT
60612,DEFECT
65754,DEFECT
63346,DEFECT
174454,DEFECT
65125,DEFECT
61278,DEFECT
66466,TESTING
61460,DEFECT
65709,DEFECT
60857,DEFECT
64870,DEFECT
60452,DEFECT
63988,DEFECT
65486,TESTING
63282,DEFECT
61312,DEFECT
60198,DEFECT
60699,DEFECT
66093,DEFECT
65785,DEFECT
60750,DEFECT
61176,REVIEW_TOOL
64931,REVIEW_TOOL
62388,DEFECT
60367,DEFECT
60706,DEFECT
61419,DEFECT
65909,DEFECT
62297,DEFECT
174506,DEFECT
62071,DEFECT
64089,DEFECT
65790,DEFECT
59887,DEFECT
64238,CODE_IMPROVEMENT
62770,DEFECT
63038,DEFECT
65030,DEFECT
179959,DEFECT
63557,DEFECT
66032,DEFECT
65851,DEFECT
171859,DEFECT
66503,DEFECT
60448,DEFECT
59850,DEFECT
64227,DEFECT
62877,DEFECT
66379,DEFECT
65381,DEFECT
66121,DEFECT
65396,DEFECT
61742,DEFECT
63665,DEFECT
60134,DEFECT
64343,DEFECT
60708,DEFECT
64219,DEFECT
177027,DEFECT
64947,DEFECT
65540,DEFECT
61507,DEFECT
61336,DEFECT
62926,DEFECT
61203,DEFECT
61623,DEFECT
60353,DEFECT
61682,DEFECT
61344,DEFECT
59856,DEFECT
174813,DEFECT
60298,DEFECT
63597,DEFECT
183306,EXTERNAL_IMPACT
69293,CODE_IMPROVEMENT
187144,DEFECT
183925,CODE_IMPROVEMENT
183832,CODE_IMPROVEMENT
69306,CODE_IMPROVEMENT
182685,SOCIAL
189349,CODE_IMPROVEMENT
183030,KNOWLEDGE_TRANSFER
184239,CODE_IMPROVEMENT
186689,DEFECT
68963,SOCIAL
69453,SOCIAL
68310,DEFECT
69294,DEFECT
182323,TESTING
188919,DEFECT
183059,SOCIAL
182025,DEFECT
188119,SOCIAL
69304,CODE_IMPROVEMENT
187385,DEFECT
69301,CODE_IMPROVEMENT
187790,DEFECT
187794,DEFECT
189771,DEFECT
186884,CODE_IMPROVEMENT
185796,DEFECT
180833,DEFECT
69305,CODE_IMPROVEMENT
69297,CODE_IMPROVEMENT
69154,SOCIAL
182719,DEFECT
68894,DEFECT
180577,CODE_IMPROVEMENT
186378,CODE_IMPROVEMENT
181739,CODE_IMPROVEMENT
69302,CODE_IMPROVEMENT
68174,CODE_IMPROVEMENT
69307,CODE_IMPROVEMENT
187241,DEFECT
184439,TESTING
184460,CODE_IMPROVEMENT
69291,CODE_IMPROVEMENT
68311,CODE_IMPROVEMENT
184206,SOCIAL
188237,TESTING
189504,SOCIAL
183362,TESTING
186659,CODE_IMPROVEMENT
185268,DEFECT
185960,CODE_IMPROVEMENT
182907,DEFECT
67765,SOCIAL
189430,DEFECT
183021,CODE_IMPROVEMENT
69303,CODE_IMPROVEMENT
70001,EXTERNAL_IMPACT
180669,CODE_IMPROVEMENT
182506,DEFECT
187358,DEFECT
69299,CODE_IMPROVEMENT
69300,CODE_IMPROVEMENT
69298,CODE_IMPROVEMENT
185164,DEFECT
70000,EXTERNAL_IMPACT
185243,CODE_IMPROVEMENT
189148,CODE_IMPROVEMENT
180910,DEFECT
185300,CODE_IMPROVEMENT
187041,CODE_IMPROVEMENT
69308,CODE_IMPROVEMENT
185748,DEFECT
189927,TESTING
182564,CODE_IMPROVEMENT
184413,CODE_IMPROVEMENT
187238,CODE_IMPROVEMENT
181790,CODE_IMPROVEMENT
68206,TESTING
189955,SOCIAL
188935,DEFECT
181131,SOCIAL
69310,CODE_IMPROVEMENT
184137,DEFECT
183907,DEFECT
69309,CODE_IMPROVEMENT
187084,DEFECT
68275,SOCIAL
180662,CODE_IMPROVEMENT
183104,CODE_IMPROVEMENT
185467,DEFECT
184394,DEFECT
188562,TESTING
188768,CODE_IMPROVEMENT
184690,CODE_IMPROVEMENT
68309,DEFECT
68964,SOCIAL
187226,DEFECT
187783,DEFECT
68173,CODE_IMPROVEMENT
20504,REVIEW_TOOL
29171,REVIEW_TOOL
165250,DEFECT
34652,REVIEW_TOOL
44941,REVIEW_TOOL
39697,REVIEW_TOOL
692,TESTING
73678,CODE_IMPROVEMENT
1601,REVIEW_TOOL
72842,CODE_IMPROVEMENT
71889,DEFECT
74676,CODE_IMPROVEMENT
75776,DEFECT
70736,CODE_IMPROVEMENT
74831,DEFECT
70996,CODE_IMPROVEMENT
620,DEFECT
1700,CODE_IMPROVEMENT
72644,DEFECT
71109,CODE_IMPROVEMENT
74830,TESTING
71514,CODE_IMPROVEMENT
1389,REVIEW_TOOL
71691,CODE_IMPROVEMENT
74220,DEFECT
455,CODE_IMPROVEMENT
75250,DEFECT
583,CODE_IMPROVEMENT
70886,CODE_IMPROVEMENT
70221,CODE_IMPROVEMENT
72056,CODE_IMPROVEMENT
73179,DEFECT
1501,REVIEW_TOOL
76153,CODE_IMPROVEMENT
73121,CODE_IMPROVEMENT
1228,REVIEW_TOOL
71804,DEFECT
70890,CODE_IMPROVEMENT
75652,CODE_IMPROVEMENT
73879,DEFECT
74712,DEFECT
377,CODE_IMPROVEMENT
1134,SOCIAL
70337,DEFECT
72049,CODE_IMPROVEMENT
684,CODE_IMPROVEMENT
1524,TESTING
73496,DEFECT
1535,CODE_IMPROVEMENT
75539,TESTING
74942,CODE_IMPROVEMENT
76198,CODE_IMPROVEMENT
73333,EXTERNAL_IMPACT
70329,DEFECT
72001,CODE_IMPROVEMENT
74875,DEFECT
75745,CODE_IMPROVEMENT
74494,TESTING
312,DEFECT
296,CODE_IMPROVEMENT
75084,CODE_IMPROVEMENT
72991,CODE_IMPROVEMENT
529,REVIEW_TOOL
72074,CODE_IMPROVEMENT
73207,DEFECT
773,CODE_IMPROVEMENT
71832,CODE_IMPROVEMENT
71695,TESTING
72990,CODE_IMPROVEMENT
74975,DEFECT
74169,DEFECT
73844,TESTING
75023,CODE_IMPROVEMENT
123,CODE_IMPROVEMENT
74910,TESTING
159,REVIEW_TOOL
73952,DEFECT
918,DEFECT
71741,DEFECT
74252,CODE_IMPROVEMENT
70686,CODE_IMPROVEMENT
1545,MISC
70405,DEFECT
73928,DEFECT
72422,TESTING
559,TESTING
610,CODE_IMPROVEMENT
1084,CODE_IMPROVEMENT
76101,CODE_IMPROVEMENT
533,CODE_IMPROVEMENT
75202,DEFECT
73491,CODE_IMPROVEMENT
70730,CODE_IMPROVEMENT
75767,DEFECT
70756,CODE_IMPROVEMENT
72282,EXTERNAL_IMPACT
74470,CODE_IMPROVEMENT
1670,DEFECT
71853,DEFECT
44,DEFECT
1829,SOCIAL
73005,DEFECT
70489,DEFECT
70206,DEFECT
1577,TESTING
71370,TESTING
75574,CODE_IMPROVEMENT
71090,CODE_IMPROVEMENT
70914,CODE_IMPROVEMENT
706,TESTING
1612,REVIEW_TOOL
74311,DEFECT
74129,CODE_IMPROVEMENT
72311,DEFECT
74224,DEFECT
74510,CODE_IMPROVEMENT
72636,CODE_IMPROVEMENT
74647,CODE_IMPROVEMENT
1495,CODE_IMPROVEMENT
70963,DEFECT
71506,DEFECT
34,DEFECT
74604,DEFECT
76065,DEFECT
72033,CODE_IMPROVEMENT
74908,TESTING
71931,DEFECT
75466,CODE_IMPROVEMENT
1696,CODE_IMPROVEMENT
70800,DEFECT
611,DEFECT
71031,DEFECT
75925,DEFECT
74707,TESTING
70656,CODE_IMPROVEMENT
74031,CODE_IMPROVEMENT
72699,DEFECT
72066,CODE_IMPROVEMENT
75297,CODE_IMPROVEMENT
75506,DEFECT
73035,CODE_IMPROVEMENT
71383,DEFECT
72377,DEFECT
73006,DEFECT
72826,CODE_IMPROVEMENT
1222,CODE_IMPROVEMENT
75893,DEFECT
76110,DEFECT
70496,CODE_IMPROVEMENT
1480,REVIEW_TOOL
73581,DEFECT
71508,TESTING
75733,CODE_IMPROVEMENT
75145,DEFECT
72498,DEFECT
73528,DEFECT
71096,CODE_IMPROVEMENT
74934,DEFECT
279,SOCIAL
73655,DEFECT
76034,DEFECT
73370,DEFECT
74387,DEFECT
76049,TESTING
71560,DEFECT
70695,TESTING
72327,CODE_IMPROVEMENT
73560,DEFECT
70215,DEFECT
71951,DEFECT
70393,CODE_IMPROVEMENT
1217,DEFECT
71969,CODE_IMPROVEMENT
72944,DEFECT
71382,DEFECT
103,DEFECT
75228,CODE_IMPROVEMENT
73949,DEFECT
72964,TESTING
1646,CODE_IMPROVEMENT
75928,DEFECT
71572,DEFECT
532,DEFECT
75080,DEFECT
1297,MISC
463,CODE_IMPROVEMENT
443,TESTING
75984,DEFECT
72230,DEFECT
75628,DEFECT
1248,DEFECT
75088,DEFECT
953,SOCIAL
72045,DEFECT
70396,DEFECT
285,CODE_IMPROVEMENT
75818,DEFECT
74282,DEFECT
72094,CODE_IMPROVEMENT
71940,DEFECT
71968,CODE_IMPROVEMENT
70945,DEFECT
73763,CODE_IMPROVEMENT
74893,DEFECT
73942,CODE_IMPROVEMENT
70995,CODE_IMPROVEMENT
70342,CODE_IMPROVEMENT
75354,CODE_IMPROVEMENT
70775,CODE_IMPROVEMENT
1110,DEFECT
71869,DEFECT
72214,CODE_IMPROVEMENT
71615,CODE_IMPROVEMENT
71976,CODE_IMPROVEMENT
72149,DEFECT
73337,CODE_IMPROVEMENT
73714,DEFECT
71970,CODE_IMPROVEMENT
75328,DEFECT
72091,DEFECT
72173,TESTING
76097,CODE_IMPROVEMENT
72876,DEFECT
387,CODE_IMPROVEMENT
75492,DEFECT
70119,DEFECT
75808,DEFECT
919,DEFECT
75554,CODE_IMPROVEMENT
74027,CODE_IMPROVEMENT
70136,DEFECT
75209,DEFECT
1527,TESTING
70447,DEFECT
1644,REVIEW_TOOL
75715,EXTERNAL_IMPACT
75280,DEFECT
75958,DEFECT
75778,DEFECT
75947,DEFECT
73807,CODE_IMPROVEMENT
75154,CODE_IMPROVEMENT
114,MISC
75183,DEFECT
71387,DEFECT
71494,CODE_IMPROVEMENT
258,CODE_IMPROVEMENT
71082,TESTING
184,REVIEW_TOOL
72911,KNOWLEDGE_TRANSFER
1679,SOCIAL
275,REVIEW_TOOL
74681,CODE_IMPROVEMENT
73654,CODE_IMPROVEMENT
73117,CODE_IMPROVEMENT
71626,DEFECT
70413,CODE_IMPROVEMENT
71246,CODE_IMPROVEMENT
74857,DEFECT
1173,DEFECT
231,CODE_IMPROVEMENT
848,REVIEW_TOOL
936,CODE_IMPROVEMENT
75073,DEFECT
71379,DEFECT
71128,DEFECT
72462,DEFECT
73363,EXTERNAL_IMPACT
70683,TESTING
74213,DEFECT
70819,DEFECT
71244,CODE_IMPROVEMENT
74417,DEFECT
1803,DEFECT
1580,EXTERNAL_IMPACT
73458,DEFECT
70760,CODE_IMPROVEMENT
71207,TESTING
74860,DEFECT
74002,CODE_IMPROVEMENT
70404,DEFECT
70590,DEFECT
870,CODE_IMPROVEMENT
977,CODE_IMPROVEMENT
71427,DEFECT
75879,CODE_IMPROVEMENT
75008,DEFECT
75399,DEFECT
75004,DEFECT
863,CODE_IMPROVEMENT
75081,CODE_IMPROVEMENT
71145,DEFECT
245,CODE_IMPROVEMENT
72616,DEFECT
1332,CODE_IMPROVEMENT
71521,CODE_IMPROVEMENT
1351,CODE_IMPROVEMENT
70129,DEFECT
75766,DEFECT
73725,DEFECT
75988,DEFECT
75378,DEFECT
75693,CODE_IMPROVEMENT
75567,CODE_IMPROVEMENT
75114,CODE_IMPROVEMENT
73867,SETUP
16224,CODE_IMPROVEMENT
90247,DEFECT
14678,DEFECT
7318,DEFECT
81450,EXTERNAL_IMPACT
12553,DEFECT
9380,REVIEW_TOOL
113367,DEFECT
112870,DEFECT
16518,CODE_IMPROVEMENT
116260,DEFECT
3027,CODE_IMPROVEMENT
90245,DEFECT
108178,CODE_IMPROVEMENT
116964,DEFECT
78750,CODE_IMPROVEMENT
80809,DEFECT
103309,DEFECT
14844,DEFECT
13368,CODE_IMPROVEMENT
112864,DEFECT
108718,DEFECT
108723,DEFECT
103483,CODE_IMPROVEMENT
81106,DEFECT
11749,DEFECT
108713,DEFECT
6700,REVIEW_TOOL
16530,DEFECT
108821,CODE_IMPROVEMENT
97139,DEFECT
15816,DEFECT
95105,DEFECT
81453,DEFECT
6919,REVIEW_TOOL
96052,CODE_IMPROVEMENT
94426,CODE_IMPROVEMENT
7429,CODE_IMPROVEMENT
5296,SOCIAL
4645,REVIEW_TOOL
85623,CODE_IMPROVEMENT
116952,DEFECT
8421,REVIEW_TOOL
116960,EXTERNAL_IMPACT
116980,DEFECT
9745,TESTING
98898,DEFECT
6114,REVIEW_TOOL
79689,CODE_IMPROVEMENT
79688,DEFECT
16077,SOCIAL
78749,DEFECT
105141,DEFECT
82098,DEFECT
90650,DEFECT
18211,DEFECT
16520,SOCIAL
112856,DEFECT
98798,CODE_IMPROVEMENT
2590,REVIEW_TOOL
82141,CODE_IMPROVEMENT
116972,DEFECT
94418,DEFECT
8472,DEFECT
81672,DEFECT
11561,DEFECT
120136,DEFECT
96703,DEFECT
120585,DEFECT
5737,MISC
96138,EXTERNAL_IMPACT
98121,SOCIAL
3002,REVIEW_TOOL
96702,DEFECT
88231,CODE_IMPROVEMENT
4467,REVIEW_TOOL
2822,DEFECT
101681,CODE_IMPROVEMENT
110586,CODE_IMPROVEMENT
13093,DEFECT
2108,REVIEW_TOOL
97158,CODE_IMPROVEMENT
122357,CODE_IMPROVEMENT
12336,REVIEW_TOOL
80822,DEFECT
105142,DEFECT
101683,CODE_IMPROVEMENT
98895,DEFECT
116953,DEFECT
80805,DEFECT
120230,DEFECT
96139,DEFECT
11163,DEFECT
87895,TESTING
11533,SETUP
81454,DEFECT
81572,CODE_IMPROVEMENT
113903,TESTING
3448,DEFECT
78913,CODE_IMPROVEMENT
17779,CODE_IMPROVEMENT
102480,DEFECT
82497,DEFECT
116265,CODE_IMPROVEMENT
5275,SOCIAL
16640,DEFECT
5276,REVIEW_TOOL
17203,DEFECT
90249,DEFECT
85619,CODE_IMPROVEMENT
110161,DEFECT
110165,DEFECT
95104,DEFECT
80820,DEFECT
91999,CODE_IMPROVEMENT
113210,DEFECT
78464,DEFECT
13907,CODE_IMPROVEMENT
86712,DEFECT
11600,DEFECT
112860,DEFECT
6815,REVIEW_TOOL
90244,DEFECT
6216,CODE_IMPROVEMENT
4924,CODE_IMPROVEMENT
113897,CODE_IMPROVEMENT
102481,CODE_IMPROVEMENT
116977,DEFECT
116974,DEFECT
116975,DEFECT
18336,REVIEW_TOOL
98889,DEFECT
2107,REVIEW_TOOL
87900,CODE_IMPROVEMENT
15557,REVIEW_TOOL
98900,DEFECT
118881,SETUP
92000,CODE_IMPROVEMENT
108734,DEFECT
85297,CODE_IMPROVEMENT
120226,CODE_IMPROVEMENT
122531,CODE_IMPROVEMENT
112850,DEFECT
113114,DEFECT
10597,DEFECT
77610,DEFECT
109918,DEFECT
116973,DEFECT
113216,CODE_IMPROVEMENT
120587,DEFECT
98631,DEFECT
81105,DEFECT
9847,CODE_IMPROVEMENT
116129,SOCIAL
80694,DEFECT
7275,TESTING
91831,CODE_IMPROVEMENT
4552,REVIEW_TOOL
8160,CODE_IMPROVEMENT
78202,CODE_IMPROVEMENT
2824,DEFECT
5330,CODE_IMPROVEMENT
86509,DEFECT
3674,DEFECT
119908,CODE_IMPROVEMENT
11560,REVIEW_TOOL
17409,DEFECT
18135,DEFECT
90246,DEFECT
17429,DEFECT
91533,CODE_IMPROVEMENT
118568,DEFECT
96617,CODE_IMPROVEMENT
116965,DEFECT
11162,DEFECT
80819,DEFECT
96392,CODE_IMPROVEMENT
88940,DEFECT
119911,CODE_IMPROVEMENT
78198,DEFECT
14160,REVIEW_TOOL
18454,TESTING
4666,REVIEW_TOOL
18021,DEFECT
112854,DEFECT
6323,DEFECT
97154,DEFECT
108180,DEFECT
81681,CODE_IMPROVEMENT
120586,DEFECT
10915,REVIEW_TOOL
112873,DEFECT
91534,CODE_IMPROVEMENT
104130,DEFECT
18490,CODE_IMPROVEMENT
14641,DEFECT
108721,DEFECT
96303,DEFECT
108729,DEFECT
121735,DEFECT
7904,REVIEW_TOOL
88230,DEFECT
78463,DEFECT
88944,CODE_IMPROVEMENT
111708,CODE_IMPROVEMENT
118052,CODE_IMPROVEMENT
80815,DEFECT
120141,CODE_IMPROVEMENT
88943,CODE_IMPROVEMENT
85622,CODE_IMPROVEMENT
82010,DEFECT
96394,DEFECT
105888,CODE_IMPROVEMENT
89677,DEFECT
91278,CODE_IMPROVEMENT
108724,DEFECT
8449,SOCIAL
120142,CODE_IMPROVEMENT
82376,DEFECT
16194,DEFECT
116196,DEFECT
18337,DEFECT
102885,CODE_IMPROVEMENT
81570,DEFECT
112846,DEFECT
11628,DEFECT
118103,DEFECT
106810,CODE_IMPROVEMENT
82138,CODE_IMPROVEMENT
98881,DEFECT
78812,DEFECT
120135,DEFECT
82139,CODE_IMPROVEMENT
6028,DEFECT
2963,CODE_IMPROVEMENT
17073,REVIEW_TOOL
107777,UNDERSTANDING
4091,DEFECT
101678,DEFECT
98907,DEFECT
17597,DEFECT
9741,DEFECT
95604,DEFECT
10203,DEFECT
87901,DEFECT
5274,REVIEW_TOOL
8478,DEFECT
118570,CODE_IMPROVEMENT
95602,DEFECT
113898,CODE_IMPROVEMENT
108726,DEFECT
78028,TESTING
103484,CODE_IMPROVEMENT
15356,REVIEW_TOOL
81675,DEFECT
16761,REVIEW_TOOL
11915,DEFECT
12497,REVIEW_TOOL
108728,DEFECT
16268,REVIEW_TOOL
94116,CODE_IMPROVEMENT
118096,CODE_IMPROVEMENT
13607,REVIEW_TOOL
94115,CODE_IMPROVEMENT
89750,CODE_IMPROVEMENT
5329,CODE_IMPROVEMENT
6659,CODE_IMPROVEMENT
3157,DEFECT
14460,DEFECT
11351,REVIEW_TOOL
78745,DEFECT
119906,TESTING
112871,DEFECT
5798,REVIEW_TOOL
6034,REVIEW_TOOL
112849,DEFECT
6032,DEFECT
79690,CODE_IMPROVEMENT
118099,DEFECT
81678,DEFECT
91276,DEFECT
103124,DEFECT
89680,DEFECT
17022,REVIEW_TOOL
2153,DEFECT
113892,DEFECT
6978,CODE_IMPROVEMENT
6785,DEFECT
16387,SOCIAL
113220,DEFECT
87022,DEFECT
116266,DEFECT
15817,REVIEW_TOOL
14852,DEFECT
108710,DEFECT
119916,CODE_IMPROVEMENT
18400,REVIEW_TOOL
80831,DEFECT
116957,DEFECT
91279,CODE_IMPROVEMENT
178489,DEFECT
178120,CODE_IMPROVEMENT
60740,CODE_IMPROVEMENT
60057,DEFECT
64268,CODE_IMPROVEMENT
172697,CODE_IMPROVEMENT
176049,TESTING
174763,DEFECT
176146,SETUP
171867,DEFECT
179943,DEFECT
179597,CODE_IMPROVEMENT
177311,DEFECT
65556,TESTING
178787,DEFECT
175669,CODE_IMPROVEMENT
173903,CODE_IMPROVEMENT
176078,CODE_IMPROVEMENT
173656,DEFECT
175946,DEFECT
177580,CODE_IMPROVEMENT
173978,KNOWLEDGE_TRANSFER
179881,CODE_IMPROVEMENT
179662,CODE_IMPROVEMENT
172223,CODE_IMPROVEMENT
65202,REVIEW_TOOL
173447,CODE_IMPROVEMENT
177079,CODE_IMPROVEMENT
176729,DEFECT
175518,DEFECT
65760,SOCIAL
172367,CODE_IMPROVEMENT
177634,DEFECT
61025,REVIEW_TOOL
172953,DEFECT
64862,CODE_IMPROVEMENT
62524,CODE_IMPROVEMENT
173475,DEFECT
179931,CODE_IMPROVEMENT
176779,DEFECT
174501,CODE_IMPROVEMENT
172273,CODE_IMPROVEMENT
179859,DEFECT
174404,CODE_IMPROVEMENT
178577,DEFECT
179305,CODE_IMPROVEMENT
177350,CODE_IMPROVEMENT
66304,CODE_IMPROVEMENT
178834,CODE_IMPROVEMENT
60783,TESTING
175272,DEFECT
64795,MISC
63443,SOCIAL
172325,CODE_IMPROVEMENT
63005,DEFECT
172290,DEFECT
175881,CODE_IMPROVEMENT
179639,CODE_IMPROVEMENT
179534,DEFECT
171995,CODE_IMPROVEMENT
176205,DEFECT
60116,REVIEW_TOOL
177550,DEFECT
61301,CODE_IMPROVEMENT
178737,CODE_IMPROVEMENT
175924,CODE_IMPROVEMENT
178584,KNOWLEDGE_TRANSFER
172749,CODE_IMPROVEMENT
61326,CODE_IMPROVEMENT
177321,CODE_IMPROVEMENT
61348,REVIEW_TOOL
173028,DEFECT
62701,CODE_IMPROVEMENT
173267,DEFECT
59945,SOCIAL
172524,CODE_IMPROVEMENT
174131,DEFECT
62727,CODE_IMPROVEMENT
179346,CODE_IMPROVEMENT
175073,CODE_IMPROVEMENT
177415,DEFECT
172271,CODE_IMPROVEMENT
172307,SETUP
63714,CODE_IMPROVEMENT
60709,DEFECT
177253,TESTING
175403,CODE_IMPROVEMENT
176679,CODE_IMPROVEMENT
173858,CODE_IMPROVEMENT
175786,DEFECT
174828,CODE_IMPROVEMENT
64283,CODE_IMPROVEMENT
177557,DEFECT
177567,CODE_IMPROVEMENT
172308,CODE_IMPROVEMENT
175555,CODE_IMPROVEMENT
178420,DEFECT
177467,DEFECT
60454,CODE_IMPROVEMENT
174997,CODE_IMPROVEMENT
173549,DEFECT
174999,CODE_IMPROVEMENT
176171,DEFECT
63029,REVIEW_TOOL
178444,DEFECT
172682,CODE_IMPROVEMENT
178437,TESTING
60051,CODE_IMPROVEMENT
171929,CODE_IMPROVEMENT
172568,DEFECT
175687,DEFECT
175668,CODE_IMPROVEMENT
174711,DEFECT
178097,DEFECT
172331,EXTERNAL_IMPACT
65021,DEFECT
177293,DEFECT
172068,DEFECT
180110,CODE_IMPROVEMENT
177468,CODE_IMPROVEMENT
64017,DEFECT
179737,DEFECT
179820,DEFECT
175644,DEFECT
173064,DEFECT
172612,CODE_IMPROVEMENT
174470,DEFECT
175410,DEFECT
177186,DEFECT
179296,DEFECT
179745,EXTERNAL_IMPACT
174765,DEFECT
179002,CODE_IMPROVEMENT
64410,DEFECT
177166,DEFECT
177584,DEFECT
173416,DEFECT
180083,CODE_IMPROVEMENT
178647,DEFECT
65995,CODE_IMPROVEMENT
174230,CODE_IMPROVEMENT
179036,CODE_IMPROVEMENT
63525,CODE_IMPROVEMENT
176868,CODE_IMPROVEMENT
176110,CODE_IMPROVEMENT
175872,CODE_IMPROVEMENT
64661,DEFECT
179470,CODE_IMPROVEMENT
66462,CODE_IMPROVEMENT
172742,CODE_IMPROVEMENT
63975,EXTERNAL_IMPACT
61177,CODE_IMPROVEMENT
176932,DEFECT
62221,DEFECT
174100,DEFECT
62610,CODE_IMPROVEMENT
172109,DEFECT
63620,CODE_IMPROVEMENT
172958,TESTING
175341,CODE_IMPROVEMENT
66078,DEFECT
66070,UNDERSTANDING
175362,CODE_IMPROVEMENT
63052,CODE_IMPROVEMENT
178743,DEFECT
178906,DEFECT
178362,DEFECT
179054,CODE_IMPROVEMENT
178592,DEFECT
175660,CODE_IMPROVEMENT
65860,DEFECT
174995,DEFECT
64213,CODE_IMPROVEMENT
174788,CODE_IMPROVEMENT
172191,CODE_IMPROVEMENT
174553,DEFECT
177508,CODE_IMPROVEMENT
175664,CODE_IMPROVEMENT
62564,REVIEW_TOOL
60646,MISC
174973,CODE_IMPROVEMENT
176995,DEFECT
66216,DEFECT
179797,CODE_IMPROVEMENT
175069,DEFECT
175096,DEFECT
177864,TESTING
176949,EXTERNAL_IMPACT
64002,EXTERNAL_IMPACT
173069,EXTERNAL_IMPACT
179479,DEFECT
179559,DEFECT
172021,DEFECT
62267,DEFECT
64285,CODE_IMPROVEMENT
65349,TESTING
64149,CODE_IMPROVEMENT
63202,CODE_IMPROVEMENT
64658,EXTERNAL_IMPACT
178099,DEFECT
175142,DEFECT
176607,TESTING
65461,CODE_IMPROVEMENT
176506,DEFECT
173559,CODE_IMPROVEMENT
178789,DEFECT
179233,CODE_IMPROVEMENT
60496,DEFECT
65335,TESTING
178594,DEFECT
175956,CODE_IMPROVEMENT
179934,DEFECT
177945,DEFECT
65591,CODE_IMPROVEMENT
65852,DEFECT
174831,CODE_IMPROVEMENT
177040,DEFECT
172298,DEFECT
173800,CODE_IMPROVEMENT
61797,CODE_IMPROVEMENT
173850,DEFECT
174579,CODE_IMPROVEMENT
173920,CODE_IMPROVEMENT
176338,DEFECT
64496,TESTING
177280,CODE_IMPROVEMENT
176950,DEFECT
172389,TESTING
176358,CODE_IMPROVEMENT
178261,DEFECT
175698,DEFECT
174426,DEFECT
178037,CODE_IMPROVEMENT
179749,CODE_IMPROVEMENT
172759,CODE_IMPROVEMENT
176814,CODE_IMPROVEMENT
59837,CODE_IMPROVEMENT
177909,CODE_IMPROVEMENT
179135,CODE_IMPROVEMENT
175110,CODE_IMPROVEMENT
177125,DEFECT
177729,DEFECT
174661,CODE_IMPROVEMENT
177262,DEFECT
180041,DEFECT
178937,DEFECT
179289,CODE_IMPROVEMENT
179778,DEFECT
172070,DEFECT
177141,DEFECT
175963,DEFECT
178641,DEFECT
173819,DEFECT
175643,DEFECT
178728,CODE_IMPROVEMENT
180053,DEFECT
63772,DEFECT
66287,CODE_IMPROVEMENT
179286,DEFECT
174931,DEFECT
178808,DEFECT
61885,CODE_IMPROVEMENT
63291,REVIEW_TOOL
175033,DEFECT
174721,DEFECT
178632,DEFECT
60624,DEFECT
179626,CODE_IMPROVEMENT
177247,DEFECT
61450,REVIEW_TOOL
63601,REVIEW_TOOL
62781,REVIEW_TOOL
65358,TESTING
173784,CODE_IMPROVEMENT
178811,DEFECT
175442,CODE_IMPROVEMENT
177922,DEFECT
61300,DEFECT
179410,CODE_IMPROVEMENT
62616,MISC
178108,CODE_IMPROVEMENT
60903,CODE_IMPROVEMENT
172284,CODE_IMPROVEMENT
173177,CODE_IMPROVEMENT
173181,DEFECT
175320,CODE_IMPROVEMENT
177877,DEFECT
62183,CODE_IMPROVEMENT
172969,CODE_IMPROVEMENT
174342,DEFECT
175125,CODE_IMPROVEMENT
61354,DEFECT
174702,DEFECT
177179,DEFECT
179937,DEFECT
172241,CODE_IMPROVEMENT
174291,DEFECT
172407,CODE_IMPROVEMENT
171950,CODE_IMPROVEMENT
64516,REVIEW_TOOL
68137,DEFECT
189218,DEFECT
185853,DEFECT
182304,DEFECT
188302,EXTERNAL_IMPACT
67828,CODE_IMPROVEMENT
68578,DEFECT
184982,TESTING
69168,MISC
181409,CODE_IMPROVEMENT
187096,CODE_IMPROVEMENT
181731,DEFECT
67042,DEFECT
70004,CODE_IMPROVEMENT
67859,SOCIAL
68182,CODE_IMPROVEMENT
181413,DEFECT
69526,CODE_IMPROVEMENT
67810,CODE_IMPROVEMENT
181623,UNDERSTANDING
184237,CODE_IMPROVEMENT
68748,DEFECT
186754,DEFECT
189906,CODE_IMPROVEMENT
66567,SOCIAL
185143,TESTING
180191,DEFECT
67722,DEFECT
186416,DEFECT
67809,CODE_IMPROVEMENT
188893,TESTING
67010,DEFECT
187603,CODE_IMPROVEMENT
66796,SOCIAL
69643,TESTING
68377,DEFECT
69737,REVIEW_TOOL
67415,SOCIAL
66908,DEFECT
66599,TESTING
189796,DEFECT
67977,DEFECT
188744,CODE_IMPROVEMENT
190048,CODE_IMPROVEMENT
69092,DEFECT
184836,DEFECT
69754,SOCIAL
189108,DEFECT
69044,DEFECT
188754,CODE_IMPROVEMENT
189761,CODE_IMPROVEMENT
67697,SOCIAL
67107,CODE_IMPROVEMENT
180549,DEFECT
183106,CODE_IMPROVEMENT
68498,REVIEW_TOOL
186101,DEFECT
68818,REVIEW_TOOL
69272,CODE_IMPROVEMENT
69055,DEFECT
186479,TESTING
69793,CODE_IMPROVEMENT
187390,DEFECT
182940,CODE_IMPROVEMENT
185421,DEFECT
66981,DEFECT
69986,MISC
180670,CODE_IMPROVEMENT
188181,CODE_IMPROVEMENT
181431,TESTING
70031,MISC
189226,DEFECT
68713,DEFECT
69671,CODE_IMPROVEMENT
69646,DEFECT
181765,CODE_IMPROVEMENT
187894,CODE_IMPROVEMENT
67738,DEFECT
182868,DEFECT
69963,EXTERNAL_IMPACT
189608,DEFECT
181524,CODE_IMPROVEMENT
68947,CODE_IMPROVEMENT
185561,DEFECT
189268,CODE_IMPROVEMENT
68857,DEFECT
67139,REVIEW_TOOL
68109,REVIEW_TOOL
181428,CODE_IMPROVEMENT
68343,REVIEW_TOOL
185127,DEFECT
67145,CODE_IMPROVEMENT
69929,DEFECT
187617,DEFECT
69287,SOCIAL
66827,MISC
180801,EXTERNAL_IMPACT
68327,CODE_IMPROVEMENT
67629,CODE_IMPROVEMENT
69839,REVIEW_TOOL
69869,REVIEW_TOOL
188751,CODE_IMPROVEMENT
184983,CODE_IMPROVEMENT
68755,SOCIAL
187440,DEFECT
186625,DEFECT
188886,DEFECT
69412,DEFECT
67039,MISC
187292,CODE_IMPROVEMENT
69596,TESTING
185529,EXTERNAL_IMPACT
182275,CODE_IMPROVEMENT
67233,CODE_IMPROVEMENT
67969,DEFECT
67168,DEFECT
66984,DEFECT
67508,TESTING
183872,CODE_IMPROVEMENT
67166,DEFECT
184634,CODE_IMPROVEMENT
189026,CODE_IMPROVEMENT
69576,DEFECT
67925,TESTING
188873,DEFECT
67199,REVIEW_TOOL
185159,DEFECT
185174,CODE_IMPROVEMENT
67661,REVIEW_TOOL
67861,DEFECT
69344,SOCIAL
185545,CODE_IMPROVEMENT
69842,CODE_IMPROVEMENT
185996,CODE_IMPROVEMENT
182331,CODE_IMPROVEMENT
68662,REVIEW_TOOL
66558,DEFECT
180389,CODE_IMPROVEMENT
66913,DEFECT
187405,CODE_IMPROVEMENT
67716,DEFECT
66626,SOCIAL
68104,DEFECT
67620,EXTERNAL_IMPACT
68854,DEFECT
68465,DEFECT
181624,CODE_IMPROVEMENT
67376,MISC
183727,CODE_IMPROVEMENT
185359,DEFECT
69068,DEFECT
68889,DEFECT
180169,DEFECT
188191,CODE_IMPROVEMENT
185206,DEFECT
67259,MISC
69953,REVIEW_TOOL
67341,REVIEW_TOOL
68318,CODE_IMPROVEMENT
186586,CODE_IMPROVEMENT
67358,REVIEW_TOOL
68229,REVIEW_TOOL
183400,DEFECT
68317,SOCIAL
188661,DEFECT
188366,CODE_IMPROVEMENT
189222,DEFECT
182911,DEFECT
69113,MISC
182532,CODE_IMPROVEMENT
181587,DEFECT
67076,SOCIAL
66676,REVIEW_TOOL
181733,DEFECT
68413,SOCIAL
66675,DEFECT
69429,MISC
67692,DEFECT
66702,REVIEW_TOOL
189090,CODE_IMPROVEMENT
181403,CODE_IMPROVEMENT
67279,CODE_IMPROVEMENT
185749,CODE_IMPROVEMENT
68537,DEFECT
187934,DEFECT
70045,MISC
180674,DEFECT
180379,CODE_IMPROVEMENT
66985,DEFECT
67730,REVIEW_TOOL
66868,DEFECT
188880,DEFECT
187263,CODE_IMPROVEMENT
188524,CODE_IMPROVEMENT
67723,DEFECT
66715,DEFECT
186108,DEFECT
185349,DEFECT
188743,CODE_IMPROVEMENT
181206,CODE_IMPROVEMENT
180522,DEFECT
66993,CODE_IMPROVEMENT
68839,DEFECT
68725,REVIEW_TOOL
187893,DEFECT
181681,CODE_IMPROVEMENT
180547,CODE_IMPROVEMENT
182490,DEFECT
69459,MISC
189334,EXTERNAL_IMPACT
68587,CODE_IMPROVEMENT
67311,CODE_IMPROVEMENT
67966,CODE_IMPROVEMENT
181720,DEFECT
181318,CODE_IMPROVEMENT
182814,CODE_IMPROVEMENT
183179,CODE_IMPROVEMENT
69852,SOCIAL
67471,DEFECT
186762,EXTERNAL_IMPACT
183125,DEFECT
67558,EXTERNAL_IMPACT
67163,DEFECT
182561,CODE_IMPROVEMENT
68681,SOCIAL
68852,DEFECT
186654,CODE_IMPROVEMENT
181533,DEFECT
184753,DEFECT
67088,CODE_IMPROVEMENT
69396,TESTING
180402,CODE_IMPROVEMENT
182864,DEFECT
68291,CODE_IMPROVEMENT
189227,CODE_IMPROVEMENT
66738,CODE_IMPROVEMENT
186165,KNOWLEDGE_TRANSFER
69742,MISC
185808,CODE_IMPROVEMENT
66924,REVIEW_TOOL
67054,DEFECT
67787,REVIEW_TOOL
183333,CODE_IMPROVEMENT
66629,CODE_IMPROVEMENT
187951,DEFECT
67688,KNOWLEDGE_TRANSFER
70063,DEFECT
185866,DEFECT
69235,SOCIAL
67169,REVIEW_TOOL
68102,MISC
68040,REVIEW_TOOL
67291,SETUP
66938,CODE_IMPROVEMENT
68524,DEFECT
184965,CODE_IMPROVEMENT
184595,CODE_IMPROVEMENT
187103,CODE_IMPROVEMENT
184476,CODE_IMPROVEMENT
68803,CODE_IMPROVEMENT
66533,DEFECT
68232,CODE_IMPROVEMENT
68193,DEFECT
188421,DEFECT
67618,DEFECT
183126,DEFECT
189109,DEFECT
184427,DEFECT
67064,MISC
185318,DEFECT
69043,DEFECT
66935,DEFECT
67385,REVIEW_TOOL
67936,DEFECT
184294,CODE_IMPROVEMENT
182972,DEFECT
184954,CODE_IMPROVEMENT
69176,MISC
189623,DEFECT
67715,DEFECT
180550,DEFECT
183777,CODE_IMPROVEMENT
184752,KNOWLEDGE_TRANSFER
68580,DEFECT
67310,CODE_IMPROVEMENT
180971,DEFECT
186729,CODE_IMPROVEMENT
186995,DEFECT
189089,DEFECT
180872,CODE_IMPROVEMENT
189249,DEFECT
186878,CODE_IMPROVEMENT
67015,REVIEW_TOOL
186360,DEFECT
188365,DEFECT
188875,TESTING
69268,REVIEW_TOOL
180226,DEFECT
184382,DEFECT
181346,DEFECT
45348,CODE_IMPROVEMENT
30240,DEFECT
36976,TESTING
57269,MISC
135970,CODE_IMPROVEMENT
153697,EXTERNAL_IMPACT
41261,SOCIAL
44470,REVIEW_TOOL
167682,DEFECT
152487,DEFECT
170988,TESTING
157265,DEFECT
55607,CODE_IMPROVEMENT
152890,TESTING
156133,CODE_IMPROVEMENT
169768,DEFECT
134741,CODE_IMPROVEMENT
52132,DEFECT
152407,CODE_IMPROVEMENT
140099,DEFECT
28301,SOCIAL
131980,DEFECT
21013,REVIEW_TOOL
23393,REVIEW_TOOL
30309,DEFECT
135532,DEFECT
129276,TESTING
53900,CODE_IMPROVEMENT
47866,REVIEW_TOOL
45008,DEFECT
154097,CODE_IMPROVEMENT
28389,REVIEW_TOOL
170348,CODE_IMPROVEMENT
34257,TESTING
18955,REVIEW_TOOL
170903,DEFECT
147271,CODE_IMPROVEMENT
131456,TESTING
152832,CODE_IMPROVEMENT
128709,DEFECT
147328,CODE_IMPROVEMENT
46304,MISC
159524,DEFECT
164717,CODE_IMPROVEMENT
30035,DEFECT
155618,DEFECT
142173,DEFECT
148846,CODE_IMPROVEMENT
159253,DEFECT
132056,DEFECT
37731,DEFECT
57760,CODE_IMPROVEMENT
135534,DEFECT
131069,CODE_IMPROVEMENT
134614,CODE_IMPROVEMENT
126808,CODE_IMPROVEMENT
27674,REVIEW_TOOL
25337,TESTING
27895,DEFECT
159293,CODE_IMPROVEMENT
48215,REVIEW_TOOL
55032,SOCIAL
147107,DEFECT
30669,REVIEW_TOOL
29623,DEFECT
39122,DEFECT
157004,DEFECT
169284,DEFECT
45461,CODE_IMPROVEMENT
53521,DEFECT
161717,CODE_IMPROVEMENT
135966,DEFECT
157221,DEFECT
151198,DEFECT
146718,CODE_IMPROVEMENT
171734,DEFECT
38024,CODE_IMPROVEMENT
163742,DEFECT
134919,DEFECT
58614,TESTING
158616,CODE_IMPROVEMENT
19478,DEFECT
43079,CODE_IMPROVEMENT
163688,DEFECT
23469,MISC
163122,CODE_IMPROVEMENT
161782,DEFECT
152069,CODE_IMPROVEMENT
151653,DEFECT
55542,DEFECT
138646,DEFECT
137167,DEFECT
166829,CODE_IMPROVEMENT
46246,CODE_IMPROVEMENT
137563,DEFECT
25812,DEFECT
37048,MISC
36839,REVIEW_TOOL
45135,REVIEW_TOOL
23899,REVIEW_TOOL
136912,DEFECT
136605,CODE_IMPROVEMENT
146747,CODE_IMPROVEMENT
27913,TESTING
146717,CODE_IMPROVEMENT
166338,DEFECT
155103,DEFECT
155031,DEFECT
41977,TESTING
149268,SETUP
122687,CODE_IMPROVEMENT
137387,CODE_IMPROVEMENT
25172,DEFECT
149582,DEFECT
20640,DEFECT
143620,CODE_IMPROVEMENT
139391,CODE_IMPROVEMENT
130229,CODE_IMPROVEMENT
154800,CODE_IMPROVEMENT
39174,CODE_IMPROVEMENT
131928,DEFECT
160623,DEFECT
145826,CODE_IMPROVEMENT
53376,REVIEW_TOOL
140655,KNOWLEDGE_TRANSFER
50761,REVIEW_TOOL
161847,DEFECT
28559,DEFECT
41030,REVIEW_TOOL
30089,DEFECT
42114,DEFECT
139776,DEFECT
20186,CODE_IMPROVEMENT
27980,CODE_IMPROVEMENT
160756,DEFECT
53136,CODE_IMPROVEMENT
34362,TESTING
131460,DEFECT
139388,DEFECT
168628,DEFECT
151103,DEFECT
41837,CODE_IMPROVEMENT
127619,DEFECT
150635,DEFECT
147695,CODE_IMPROVEMENT
147815,DEFECT
53840,DEFECT
126446,CODE_IMPROVEMENT
144000,CODE_IMPROVEMENT
148986,DEFECT
33685,CODE_IMPROVEMENT
126169,DEFECT
160773,DEFECT
126240,DEFECT
150564,DEFECT
149920,CODE_IMPROVEMENT
19151,SETUP
52145,CODE_IMPROVEMENT
123241,DEFECT
146949,DEFECT
26362,DEFECT
167460,CODE_IMPROVEMENT
23452,CODE_IMPROVEMENT
47690,REVIEW_TOOL
165961,TESTING
49209,DEFECT
142285,DEFECT
50963,CODE_IMPROVEMENT
51171,CODE_IMPROVEMENT
165521,CODE_IMPROVEMENT
161296,TESTING
156462,CODE_IMPROVEMENT
159089,DEFECT
57572,TESTING
40782,UNDERSTANDING
48757,CODE_IMPROVEMENT
162454,CODE_IMPROVEMENT
155786,DEFECT
38011,TESTING
19723,CODE_IMPROVEMENT
40242,MISC
140123,DEFECT
24000,DEFECT
23097,SOCIAL
22951,DEFECT
34588,DEFECT
146050,CODE_IMPROVEMENT
158693,DEFECT
53479,CODE_IMPROVEMENT
34585,DEFECT
53703,UNDERSTANDING
55601,DEFECT
21711,REVIEW_TOOL
26047,DEFECT
19898,DEFECT
57389,CODE_IMPROVEMENT
35343,REVIEW_TOOL
155379,CODE_IMPROVEMENT
140277,DEFECT
139869,CODE_IMPROVEMENT
51465,MISC
22489,CODE_IMPROVEMENT
41078,CODE_IMPROVEMENT
129714,DEFECT
145064,CODE_IMPROVEMENT
23130,MISC
140407,CODE_IMPROVEMENT
154642,CODE_IMPROVEMENT
161772,DEFECT
36501,CODE_IMPROVEMENT
151825,EXTERNAL_IMPACT
41683,SOCIAL
144950,CODE_IMPROVEMENT
171796,DEFECT
40311,REVIEW_TOOL
170996,EXTERNAL_IMPACT
167700,CODE_IMPROVEMENT
45266,CODE_IMPROVEMENT
39238,REVIEW_TOOL
37512,REVIEW_TOOL
49932,TESTING
50742,CODE_IMPROVEMENT
137783,DEFECT
32484,DEFECT
34249,REVIEW_TOOL
137507,DEFECT
40159,SETUP
41939,REVIEW_TOOL
53346,CODE_IMPROVEMENT
150861,DEFECT
134591,DEFECT
51925,DEFECT
125833,DEFECT
125712,CODE_IMPROVEMENT
123437,CODE_IMPROVEMENT
30582,REVIEW_TOOL
131463,CODE_IMPROVEMENT
169655,DEFECT
167248,DEFECT
131039,CODE_IMPROVEMENT
170293,CODE_IMPROVEMENT
150962,DEFECT
18988,DEFECT
139542,CODE_IMPROVEMENT
163454,CODE_IMPROVEMENT
44211,DEFECT
133805,CODE_IMPROVEMENT
43410,DEFECT
130789,DEFECT
160711,CODE_IMPROVEMENT
141943,DEFECT
156162,TESTING
31600,REVIEW_TOOL
45382,DEFECT
58498,REVIEW_TOOL
27635,SOCIAL
160005,DEFECT
56564,REVIEW_TOOL
24609,CODE_IMPROVEMENT
56511,MISC
39192,CODE_IMPROVEMENT
139044,DEFECT
143270,DEFECT
147138,DEFECT
161334,EXTERNAL_IMPACT
38286,TESTING
29001,CODE_IMPROVEMENT
54880,CODE_IMPROVEMENT
41296,MISC
126612,CODE_IMPROVEMENT
38560,REVIEW_TOOL
44098,CODE_IMPROVEMENT
21949,MISC
138650,CODE_IMPROVEMENT
145539,CODE_IMPROVEMENT
35973,SOCIAL
140009,DEFECT
159445,CODE_IMPROVEMENT
48509,TESTING
53329,DEFECT
149894,CODE_IMPROVEMENT
33835,REVIEW_TOOL
27766,CODE_IMPROVEMENT
162095,DEFECT
58245,TESTING
33215,CODE_IMPROVEMENT
51248,DEFECT
145785,CODE_IMPROVEMENT
57242,CODE_IMPROVEMENT
142960,CODE_IMPROVEMENT
45634,SOCIAL
162827,CODE_IMPROVEMENT
55634,DEFECT
139316,CODE_IMPROVEMENT
138414,CODE_IMPROVEMENT
55018,MISC
130662,DEFECT
162388,CODE_IMPROVEMENT
47035,CODE_IMPROVEMENT
136124,DEFECT
73626,SOCIAL
74421,CODE_IMPROVEMENT
75662,DEFECT
70679,SOCIAL
70387,CODE_IMPROVEMENT
71664,UNDERSTANDING
70390,CODE_IMPROVEMENT
70585,EXTERNAL_IMPACT
71346,CODE_IMPROVEMENT
72751,KNOWLEDGE_TRANSFER
71176,UNDERSTANDING
70994,SOCIAL
75548,KNOWLEDGE_TRANSFER
73620,UNDERSTANDING
72443,DEFECT
71801,UNDERSTANDING
70174,SOCIAL
408,CODE_IMPROVEMENT
75901,SOCIAL
707,UNDERSTANDING
72384,CODE_IMPROVEMENT
74959,CODE_IMPROVEMENT
72525,CODE_IMPROVEMENT
71906,UNDERSTANDING
73302,CODE_IMPROVEMENT
416,REVIEW_TOOL
73630,DEFECT
72953,UNDERSTANDING
71161,KNOWLEDGE_TRANSFER
71271,SOCIAL
71674,CODE_IMPROVEMENT
74353,CODE_IMPROVEMENT
74029,DEFECT
70360,TESTING
72083,KNOWLEDGE_TRANSFER
72927,CODE_IMPROVEMENT
251,SOCIAL
74747,SOCIAL
75845,SOCIAL
72077,CODE_IMPROVEMENT
715,UNDERSTANDING
73621,DEFECT
70852,CODE_IMPROVEMENT
75960,KNOWLEDGE_TRANSFER
72111,CODE_IMPROVEMENT
74269,EXTERNAL_IMPACT
73481,CODE_IMPROVEMENT
72772,TESTING
563,SOCIAL
74866,UNDERSTANDING
70712,UNDERSTANDING
74424,REVIEW_TOOL
75096,UNDERSTANDING
71196,SOCIAL
73828,SOCIAL
1690,TESTING
74072,MISC
74296,TESTING
74730,UNDERSTANDING
72130,CODE_IMPROVEMENT
71070,CODE_IMPROVEMENT
73050,DEFECT
72104,EXTERNAL_IMPACT
75898,UNDERSTANDING
74286,KNOWLEDGE_TRANSFER
73617,UNDERSTANDING
319,CODE_IMPROVEMENT
74302,SOCIAL
70677,DEFECT
72158,UNDERSTANDING
76204,REVIEW_TOOL
71652,EXTERNAL_IMPACT
72798,EXTERNAL_IMPACT
71430,SOCIAL
74540,TESTING
74092,DEFECT
71778,CODE_IMPROVEMENT
71072,TESTING
72404,CODE_IMPROVEMENT
1073,SOCIAL
74944,UNDERSTANDING
71486,UNDERSTANDING
76201,DEFECT
72493,CODE_IMPROVEMENT
70421,UNDERSTANDING
72025,SOCIAL
963,SOCIAL
70566,EXTERNAL_IMPACT
72758,UNDERSTANDING
71662,UNDERSTANDING
71475,MISC
76004,CODE_IMPROVEMENT
74790,CODE_IMPROVEMENT
74581,DEFECT
574,KNOWLEDGE_TRANSFER
75357,SOCIAL
72726,CODE_IMPROVEMENT
71045,CODE_IMPROVEMENT
73647,CODE_IMPROVEMENT
73392,UNDERSTANDING
70172,UNDERSTANDING
72594,UNDERSTANDING
498,SOCIAL
75751,UNDERSTANDING
72109,CODE_IMPROVEMENT
72883,CODE_IMPROVEMENT
178,SOCIAL
71794,CODE_IMPROVEMENT
73819,SOCIAL
73884,DEFECT
293,SOCIAL
72174,REVIEW_TOOL
72262,DEFECT
72979,CODE_IMPROVEMENT
73613,CODE_IMPROVEMENT
70424,UNDERSTANDING
73980,SOCIAL
75480,UNDERSTANDING
71150,CODE_IMPROVEMENT
75067,TESTING
74179,DEFECT
71132,KNOWLEDGE_TRANSFER
70389,UNDERSTANDING
75875,SOCIAL
74007,CODE_IMPROVEMENT
74529,UNDERSTANDING
71334,MISC
73686,EXTERNAL_IMPACT
71204,SOCIAL
1615,REVIEW_TOOL
74789,CODE_IMPROVEMENT
748,DEFECT
1754,REVIEW_TOOL
74845,DEFECT
72035,CODE_IMPROVEMENT
74561,SOCIAL
72431,CODE_IMPROVEMENT
71323,CODE_IMPROVEMENT
72978,CODE_IMPROVEMENT
74633,DEFECT
1544,SOCIAL
73632,DEFECT
72099,CODE_IMPROVEMENT
73981,DEFECT
73932,CODE_IMPROVEMENT
1808,SOCIAL
72415,SOCIAL
74953,CODE_IMPROVEMENT
72385,DEFECT
73619,CODE_IMPROVEMENT
72379,UNDERSTANDING
76220,SOCIAL
71153,DEFECT
74949,CODE_IMPROVEMENT
75370,SETUP
72397,EXTERNAL_IMPACT
73475,UNDERSTANDING
70628,MISC
72527,CODE_IMPROVEMENT
70901,CODE_IMPROVEMENT
72112,UNDERSTANDING
75395,UNDERSTANDING
74869,TESTING
76087,SOCIAL
792,SOCIAL
1160,DEFECT
74054,UNDERSTANDING
70461,SOCIAL
72202,UNDERSTANDING
72215,SOCIAL
76122,REVIEW_TOOL
72265,UNDERSTANDING
74185,SOCIAL
74943,SOCIAL
72757,UNDERSTANDING
1233,SOCIAL
71159,DEFECT
75801,EXTERNAL_IMPACT
72251,CODE_IMPROVEMENT
72496,SOCIAL
73442,REVIEW_TOOL
1608,SOCIAL
70645,CODE_IMPROVEMENT
71123,KNOWLEDGE_TRANSFER
72571,KNOWLEDGE_TRANSFER
74349,CODE_IMPROVEMENT
74477,TESTING
73138,SOCIAL
73897,CODE_IMPROVEMENT
236,KNOWLEDGE_TRANSFER
72105,CODE_IMPROVEMENT
74051,KNOWLEDGE_TRANSFER
70285,UNDERSTANDING
74436,SOCIAL
243,MISC
75258,EXTERNAL_IMPACT
71406,SOCIAL
70762,UNDERSTANDING
70358,SOCIAL
71624,SOCIAL
70445,UNDERSTANDING
595,EXTERNAL_IMPACT
73058,CODE_IMPROVEMENT
71221,UNDERSTANDING
73838,DEFECT
70283,CODE_IMPROVEMENT
70814,UNDERSTANDING
72263,CODE_IMPROVEMENT
73544,SOCIAL
74639,KNOWLEDGE_TRANSFER
74996,CODE_IMPROVEMENT
75890,KNOWLEDGE_TRANSFER
72207,EXTERNAL_IMPACT
73494,KNOWLEDGE_TRANSFER
399,CODE_IMPROVEMENT
71134,DEFECT
1063,SOCIAL
1498,SETUP
75222,CODE_IMPROVEMENT
74871,EXTERNAL_IMPACT
72098,CODE_IMPROVEMENT
70474,UNDERSTANDING
72589,EXTERNAL_IMPACT
71300,UNDERSTANDING
76163,UNDERSTANDING
71390,REVIEW_TOOL
70431,DEFECT
70096,CODE_IMPROVEMENT
72405,TESTING
71600,CODE_IMPROVEMENT
76092,KNOWLEDGE_TRANSFER
70916,SOCIAL
1005,MISC
74889,KNOWLEDGE_TRANSFER
73846,EXTERNAL_IMPACT
74352,SOCIAL
75393,EXTERNAL_IMPACT
72865,SOCIAL
75759,CODE_IMPROVEMENT
70281,CODE_IMPROVEMENT
74506,CODE_IMPROVEMENT
75398,UNDERSTANDING
70647,CODE_IMPROVEMENT
71124,CODE_IMPROVEMENT
71645,CODE_IMPROVEMENT
72762,KNOWLEDGE_TRANSFER
73484,CODE_IMPROVEMENT
70420,CODE_IMPROVEMENT
71429,SOCIAL
74006,SOCIAL
1566,UNDERSTANDING
72386,DEFECT
72832,CODE_IMPROVEMENT
435,SOCIAL
74435,SOCIAL
74188,DEFECT
71177,UNDERSTANDING
72752,UNDERSTANDING
425,REVIEW_TOOL
73754,SOCIAL
72877,CODE_IMPROVEMENT
1015,MISC
72468,EXTERNAL_IMPACT
72029,SOCIAL
72081,CODE_IMPROVEMENT
73623,CODE_IMPROVEMENT
74560,DEFECT
75823,CODE_IMPROVEMENT
74654,KNOWLEDGE_TRANSFER
73895,SOCIAL
72264,UNDERSTANDING
1597,SOCIAL
70577,SOCIAL
74864,DEFECT
70173,SOCIAL
71061,CODE_IMPROVEMENT
1279,DEFECT
73756,UNDERSTANDING
73847,EXTERNAL_IMPACT
70098,CODE_IMPROVEMENT
73629,DEFECT
75070,CODE_IMPROVEMENT
71944,CODE_IMPROVEMENT
54,KNOWLEDGE_TRANSFER
1350,SOCIAL
76193,CODE_IMPROVEMENT
70606,UNDERSTANDING
74005,CODE_IMPROVEMENT
72542,SOCIAL
73474,DEFECT
75468,CODE_IMPROVEMENT
74201,KNOWLEDGE_TRANSFER
71880,DEFECT
71322,SETUP
70678,TESTING
71283,KNOWLEDGE_TRANSFER
1274,DEFECT
74083,CODE_IMPROVEMENT
71596,CODE_IMPROVEMENT
72204,CODE_IMPROVEMENT
13760,SOCIAL
117361,CODE_IMPROVEMENT
98450,CODE_IMPROVEMENT
99825,KNOWLEDGE_TRANSFER
98202,EXTERNAL_IMPACT
10812,SETUP
89102,CODE_IMPROVEMENT
97313,CODE_IMPROVEMENT
116711,REVIEW_TOOL
104965,CODE_IMPROVEMENT
115187,CODE_IMPROVEMENT
88138,CODE_IMPROVEMENT
107517,CODE_IMPROVEMENT
2375,UNDERSTANDING
78072,CODE_IMPROVEMENT
8289,CODE_IMPROVEMENT
121584,CODE_IMPROVEMENT
9128,CODE_IMPROVEMENT
105588,CODE_IMPROVEMENT
94278,CODE_IMPROVEMENT
114615,CODE_IMPROVEMENT
13836,DEFECT
14038,REVIEW_TOOL
11109,MISC
3818,SOCIAL
16116,SOCIAL
106725,TESTING
6990,SOCIAL
16039,SETUP
11541,TESTING
88907,UNDERSTANDING
110307,CODE_IMPROVEMENT
8253,DEFECT
79963,CODE_IMPROVEMENT
79300,CODE_IMPROVEMENT
118664,CODE_IMPROVEMENT
118865,CODE_IMPROVEMENT
14686,REVIEW_TOOL
9408,UNDERSTANDING
106450,CODE_IMPROVEMENT
87570,CODE_IMPROVEMENT
89133,CODE_IMPROVEMENT
11150,CODE_IMPROVEMENT
80522,EXTERNAL_IMPACT
110181,CODE_IMPROVEMENT
92978,CODE_IMPROVEMENT
85069,REVIEW_TOOL
94966,KNOWLEDGE_TRANSFER
106519,DEFECT
82301,UNDERSTANDING
99897,REVIEW_TOOL
84340,CODE_IMPROVEMENT
120432,CODE_IMPROVEMENT
88059,CODE_IMPROVEMENT
97060,KNOWLEDGE_TRANSFER
4430,TESTING
118839,DEFECT
81116,CODE_IMPROVEMENT
88578,EXTERNAL_IMPACT
89134,CODE_IMPROVEMENT
4461,DEFECT
13636,SOCIAL
105371,CODE_IMPROVEMENT
11207,DEFECT
12059,UNDERSTANDING
14286,SETUP
116355,UNDERSTANDING
104605,DEFECT
120221,REVIEW_TOOL
98637,REVIEW_TOOL
14523,CODE_IMPROVEMENT
88965,DEFECT
102527,DEFECT
12881,MISC
16320,KNOWLEDGE_TRANSFER
16260,REVIEW_TOOL
8398,UNDERSTANDING
111495,CODE_IMPROVEMENT
81987,CODE_IMPROVEMENT
93731,CODE_IMPROVEMENT
11666,CODE_IMPROVEMENT
7665,UNDERSTANDING
94087,UNDERSTANDING
110062,UNDERSTANDING
8056,SOCIAL
97052,SETUP
8254,SOCIAL
104912,CODE_IMPROVEMENT
96213,REVIEW_TOOL
77711,CODE_IMPROVEMENT
78714,CODE_IMPROVEMENT
9363,TESTING
106751,DEFECT
7005,SOCIAL
2969,SOCIAL
5660,SOCIAL
8601,SOCIAL
105576,REVIEW_TOOL
110724,UNDERSTANDING
4837,CODE_IMPROVEMENT
101232,UNDERSTANDING
107611,CODE_IMPROVEMENT
5147,DEFECT
107398,KNOWLEDGE_TRANSFER
85599,REVIEW_TOOL
76982,UNDERSTANDING
6023,REVIEW_TOOL
86854,TESTING
81927,CODE_IMPROVEMENT
95713,DEFECT
94538,DEFECT
96692,CODE_IMPROVEMENT
109106,MISC
100244,REVIEW_TOOL
101639,CODE_IMPROVEMENT
98485,UNDERSTANDING
4826,CODE_IMPROVEMENT
10489,SOCIAL
6473,SOCIAL
84251,DEFECT
2491,SOCIAL
10818,SOCIAL
119561,DEFECT
109160,CODE_IMPROVEMENT
115125,CODE_IMPROVEMENT
18140,SOCIAL
112374,SOCIAL
100467,DEFECT
104075,CODE_IMPROVEMENT
88598,DEFECT
2436,DEFECT
12124,DEFECT
112930,TESTING
103989,CODE_IMPROVEMENT
100000,CODE_IMPROVEMENT
17866,SOCIAL
106709,REVIEW_TOOL
95118,DEFECT
113751,DEFECT
102030,CODE_IMPROVEMENT
85830,TESTING
95639,UNDERSTANDING
106048,CODE_IMPROVEMENT
76716,DEFECT
88588,UNDERSTANDING
7656,REVIEW_TOOL
122446,CODE_IMPROVEMENT
99957,CODE_IMPROVEMENT
107537,CODE_IMPROVEMENT
106503,CODE_IMPROVEMENT
98818,CODE_IMPROVEMENT
13663,UNDERSTANDING
8600,CODE_IMPROVEMENT
77663,REVIEW_TOOL
121517,CODE_IMPROVEMENT
112349,SETUP
82274,REVIEW_TOOL
13417,DEFECT
89966,UNDERSTANDING
103752,UNDERSTANDING
77608,UNDERSTANDING
92475,SETUP
81969,REVIEW_TOOL
13584,DEFECT
92800,SOCIAL
87503,CODE_IMPROVEMENT
15534,SOCIAL
5846,SOCIAL
99915,CODE_IMPROVEMENT
119076,DEFECT
118350,CODE_IMPROVEMENT
96227,CODE_IMPROVEMENT
16755,UNDERSTANDING
15034,DEFECT
87975,DEFECT
101968,TESTING
77784,REVIEW_TOOL
91768,UNDERSTANDING
119489,MISC
13212,SOCIAL
109834,UNDERSTANDING
98433,UNDERSTANDING
83511,CODE_IMPROVEMENT
10674,MISC
12916,KNOWLEDGE_TRANSFER
79984,DEFECT
83886,CODE_IMPROVEMENT
12456,MISC
91837,DEFECT
113064,CODE_IMPROVEMENT
98866,KNOWLEDGE_TRANSFER
88221,CODE_IMPROVEMENT
87886,SOCIAL
82359,CODE_IMPROVEMENT
6801,CODE_IMPROVEMENT
17985,CODE_IMPROVEMENT
113315,DEFECT
84397,KNOWLEDGE_TRANSFER
2655,CODE_IMPROVEMENT
120559,UNDERSTANDING
4065,SOCIAL
82663,DEFECT
83693,CODE_IMPROVEMENT
86318,CODE_IMPROVEMENT
7512,CODE_IMPROVEMENT
83269,CODE_IMPROVEMENT
113940,CODE_IMPROVEMENT
7058,REVIEW_TOOL
99462,REVIEW_TOOL
92703,CODE_IMPROVEMENT
107005,CODE_IMPROVEMENT
104060,UNDERSTANDING
12086,SOCIAL
94276,SETUP
111480,DEFECT
3867,SOCIAL
117051,CODE_IMPROVEMENT
82995,CODE_IMPROVEMENT
107243,CODE_IMPROVEMENT
8486,REVIEW_TOOL
89017,KNOWLEDGE_TRANSFER
78354,SETUP
15115,REVIEW_TOOL
105820,EXTERNAL_IMPACT
76612,CODE_IMPROVEMENT
82727,CODE_IMPROVEMENT
98251,UNDERSTANDING
96352,DEFECT
11088,SOCIAL
6631,DEFECT
91985,EXTERNAL_IMPACT
9427,SOCIAL
116326,DEFECT
8606,REVIEW_TOOL
82196,CODE_IMPROVEMENT
99740,TESTING
8526,SOCIAL
121850,CODE_IMPROVEMENT
119738,CODE_IMPROVEMENT
3166,UNDERSTANDING
101398,CODE_IMPROVEMENT
92251,KNOWLEDGE_TRANSFER
5305,DEFECT
116620,SOCIAL
103817,UNDERSTANDING
82853,DEFECT
18606,REVIEW_TOOL
119594,REVIEW_TOOL
81051,CODE_IMPROVEMENT
102300,CODE_IMPROVEMENT
120036,DEFECT
4393,SOCIAL
13983,MISC
77115,CODE_IMPROVEMENT
15149,SOCIAL
119934,REVIEW_TOOL
115270,CODE_IMPROVEMENT
109182,CODE_IMPROVEMENT
9392,UNDERSTANDING
97044,CODE_IMPROVEMENT
82917,DEFECT
89129,DEFECT
78033,REVIEW_TOOL
86013,REVIEW_TOOL
120219,TESTING
13547,SOCIAL
8572,SOCIAL
6754,CODE_IMPROVEMENT
16848,SOCIAL
11450,CODE_IMPROVEMENT
8040,SOCIAL
100132,UNDERSTANDING
94446,CODE_IMPROVEMENT
111338,CODE_IMPROVEMENT
114507,KNOWLEDGE_TRANSFER
9614,UNDERSTANDING
84142,REVIEW_TOOL
80358,TESTING
91181,KNOWLEDGE_TRANSFER
93067,CODE_IMPROVEMENT
122341,CODE_IMPROVEMENT
103255,TESTING
14237,MISC
79778,DEFECT
102697,CODE_IMPROVEMENT
6321,CODE_IMPROVEMENT
97366,SETUP
114838,KNOWLEDGE_TRANSFER
86923,CODE_IMPROVEMENT
118446,CODE_IMPROVEMENT
79036,DEFECT
114141,KNOWLEDGE_TRANSFER
5391,DEFECT
18570,KNOWLEDGE_TRANSFER
15857,CODE_IMPROVEMENT
109515,CODE_IMPROVEMENT
111331,TESTING
106997,REVIEW_TOOL
93210,CODE_IMPROVEMENT
11586,CODE_IMPROVEMENT
175159,SETUP
172862,EXTERNAL_IMPACT
175554,UNDERSTANDING
175563,CODE_IMPROVEMENT
63683,MISC
174815,UNDERSTANDING
62153,MISC
64488,REVIEW_TOOL
177298,TESTING
177880,TESTING
172649,CODE_IMPROVEMENT
172445,SOCIAL
63886,SOCIAL
172585,UNDERSTANDING
172542,UNDERSTANDING
173002,CODE_IMPROVEMENT
178138,UNDERSTANDING
176933,DEFECT
178952,DEFECT
176034,UNDERSTANDING
176934,CODE_IMPROVEMENT
66108,MISC
66366,CODE_IMPROVEMENT
64246,CODE_IMPROVEMENT
65768,SOCIAL
177774,UNDERSTANDING
66247,SOCIAL
63827,SOCIAL
179754,UNDERSTANDING
179806,SOCIAL
63875,MISC
64596,SOCIAL
176646,UNDERSTANDING
61749,SOCIAL
178772,CODE_IMPROVEMENT
66272,DEFECT
173543,CODE_IMPROVEMENT
173542,UNDERSTANDING
178508,SOCIAL
176211,SETUP
177660,CODE_IMPROVEMENT
172764,DEFECT
174176,CODE_IMPROVEMENT
60736,SOCIAL
175151,MISC
63589,UNDERSTANDING
178395,CODE_IMPROVEMENT
63312,SOCIAL
176839,CODE_IMPROVEMENT
60471,SOCIAL
65764,DEFECT
65797,SETUP
62970,TESTING
172165,CODE_IMPROVEMENT
65618,CODE_IMPROVEMENT
173392,KNOWLEDGE_TRANSFER
173188,CODE_IMPROVEMENT
175158,UNDERSTANDING
177882,CODE_IMPROVEMENT
174866,UNDERSTANDING
60459,SOCIAL
60752,SOCIAL
171985,KNOWLEDGE_TRANSFER
65605,SOCIAL
64594,SOCIAL
178396,CODE_IMPROVEMENT
177676,DEFECT
174332,UNDERSTANDING
172000,TESTING
61528,SOCIAL
173972,REVIEW_TOOL
173839,CODE_IMPROVEMENT
64884,MISC
179163,CODE_IMPROVEMENT
176723,DEFECT
60822,SOCIAL
176647,CODE_IMPROVEMENT
179079,EXTERNAL_IMPACT
177651,SOCIAL
63069,SOCIAL
171960,DEFECT
63363,SOCIAL
174846,DEFECT
61524,SOCIAL
60208,SOCIAL
63016,SOCIAL
176825,MISC
62145,SOCIAL
60691,SOCIAL
65672,CODE_IMPROVEMENT
172604,DEFECT
177832,KNOWLEDGE_TRANSFER
174744,CODE_IMPROVEMENT
179050,CODE_IMPROVEMENT
177927,UNDERSTANDING
174735,KNOWLEDGE_TRANSFER
179954,SOCIAL
173385,CODE_IMPROVEMENT
171920,MISC
174262,CODE_IMPROVEMENT
171982,UNDERSTANDING
171974,DEFECT
175954,UNDERSTANDING
179977,CODE_IMPROVEMENT
174622,CODE_IMPROVEMENT
172865,EXTERNAL_IMPACT
173088,CODE_IMPROVEMENT
178896,CODE_IMPROVEMENT
60415,SOCIAL
60638,SOCIAL
177666,CODE_IMPROVEMENT
177881,DEFECT
60112,SOCIAL
172837,REVIEW_TOOL
178106,CODE_IMPROVEMENT
64330,DEFECT
177572,DEFECT
178966,CODE_IMPROVEMENT
174593,MISC
179734,CODE_IMPROVEMENT
179896,UNDERSTANDING
176994,UNDERSTANDING
61401,SOCIAL
176943,UNDERSTANDING
179066,CODE_IMPROVEMENT
65970,MISC
173463,SOCIAL
62957,SOCIAL
62800,SOCIAL
173900,CODE_IMPROVEMENT
178450,EXTERNAL_IMPACT
176807,TESTING
178276,CODE_IMPROVEMENT
60826,MISC
178628,CODE_IMPROVEMENT
179203,KNOWLEDGE_TRANSFER
63172,TESTING
175551,CODE_IMPROVEMENT
59984,REVIEW_TOOL
174635,CODE_IMPROVEMENT
177457,CODE_IMPROVEMENT
172842,CODE_IMPROVEMENT
179674,CODE_IMPROVEMENT
177268,CODE_IMPROVEMENT
63352,REVIEW_TOOL
172245,SETUP
171847,CODE_IMPROVEMENT
172974,KNOWLEDGE_TRANSFER
175824,SETUP
172884,DEFECT
62237,REVIEW_TOOL
62450,SOCIAL
179791,CODE_IMPROVEMENT
177260,CODE_IMPROVEMENT
176177,CODE_IMPROVEMENT
176588,DEFECT
175461,CODE_IMPROVEMENT
171842,KNOWLEDGE_TRANSFER
64560,SOCIAL
62927,CODE_IMPROVEMENT
177524,DEFECT
176008,CODE_IMPROVEMENT
172691,KNOWLEDGE_TRANSFER
60406,SOCIAL
65688,MISC
172800,CODE_IMPROVEMENT
174913,UNDERSTANDING
177753,CODE_IMPROVEMENT
61076,SOCIAL
61211,UNDERSTANDING
177764,UNDERSTANDING
176662,UNDERSTANDING
172647,SOCIAL
175173,UNDERSTANDING
176397,KNOWLEDGE_TRANSFER
173684,UNDERSTANDING
175470,SOCIAL
174081,TESTING
61550,SOCIAL
173436,UNDERSTANDING
63365,CODE_IMPROVEMENT
176685,CODE_IMPROVEMENT
176819,CODE_IMPROVEMENT
179152,CODE_IMPROVEMENT
176592,DEFECT
177423,SETUP
178232,CODE_IMPROVEMENT
60279,SOCIAL
178850,KNOWLEDGE_TRANSFER
172720,CODE_IMPROVEMENT
174681,CODE_IMPROVEMENT
179736,MISC
179393,SOCIAL
180050,DEFECT
179654,KNOWLEDGE_TRANSFER
64416,SOCIAL
178767,CODE_IMPROVEMENT
178493,SOCIAL
176266,DEFECT
62121,SOCIAL
175081,SOCIAL
179703,CODE_IMPROVEMENT
63445,SOCIAL
65575,CODE_IMPROVEMENT
177492,MISC
175918,TESTING
176036,UNDERSTANDING
65830,DEFECT
177715,KNOWLEDGE_TRANSFER
63983,MISC
62293,SOCIAL
173253,REVIEW_TOOL
172164,KNOWLEDGE_TRANSFER
179688,SOCIAL
60656,SOCIAL
173361,CODE_IMPROVEMENT
62969,TESTING
175160,SOCIAL
172065,UNDERSTANDING
63170,CODE_IMPROVEMENT
172200,SOCIAL
66507,SOCIAL
176270,TESTING
62394,CODE_IMPROVEMENT
173536,CODE_IMPROVEMENT
176590,UNDERSTANDING
179722,SOCIAL
174261,UNDERSTANDING
62752,SOCIAL
174183,SOCIAL
60232,MISC
60554,SOCIAL
177777,CODE_IMPROVEMENT
175092,UNDERSTANDING
179307,MISC
172843,CODE_IMPROVEMENT
65734,MISC
171828,EXTERNAL_IMPACT
178773,CODE_IMPROVEMENT
177675,UNDERSTANDING
175826,CODE_IMPROVEMENT
178081,UNDERSTANDING
179576,CODE_IMPROVEMENT
175330,SOCIAL
172886,DEFECT
176841,CODE_IMPROVEMENT
174682,KNOWLEDGE_TRANSFER
61070,SOCIAL
177589,CODE_IMPROVEMENT
172887,CODE_IMPROVEMENT
178848,CODE_IMPROVEMENT
173443,UNDERSTANDING
175553,CODE_IMPROVEMENT
177526,CODE_IMPROVEMENT
176593,DEFECT
175579,CODE_IMPROVEMENT
178977,CODE_IMPROVEMENT
172902,SOCIAL
65848,UNDERSTANDING
65902,SOCIAL
179438,REVIEW_TOOL
176597,DEFECT
177627,DEFECT
175952,KNOWLEDGE_TRANSFER
62941,MISC
172794,SOCIAL
179836,SOCIAL
179726,CODE_IMPROVEMENT
63308,SOCIAL
179795,UNDERSTANDING
62527,SOCIAL
65022,UNDERSTANDING
65886,SOCIAL
64674,KNOWLEDGE_TRANSFER
60617,SOCIAL
173665,EXTERNAL_IMPACT
64600,SOCIAL
177548,REVIEW_TOOL
173605,DEFECT
177733,CODE_IMPROVEMENT
173569,CODE_IMPROVEMENT
177924,CODE_IMPROVEMENT
64938,SOCIAL
176178,UNDERSTANDING
179589,SOCIAL
179310,DEFECT
177428,SETUP
173534,REVIEW_TOOL
62931,UNDERSTANDING
174619,CODE_IMPROVEMENT
62334,SOCIAL
178325,CODE_IMPROVEMENT
60829,MISC
179462,EXTERNAL_IMPACT
64599,EXTERNAL_IMPACT
177531,DEFECT
61327,CODE_IMPROVEMENT
178451,EXTERNAL_IMPACT
174021,SOCIAL
176097,MISC
187003,CODE_IMPROVEMENT
183049,UNDERSTANDING
184016,CODE_IMPROVEMENT
180588,SETUP
185843,CODE_IMPROVEMENT
181062,CODE_IMPROVEMENT
69277,CODE_IMPROVEMENT
182847,CODE_IMPROVEMENT
188787,CODE_IMPROVEMENT
181152,CODE_IMPROVEMENT
67017,SOCIAL
180270,CODE_IMPROVEMENT
68503,SOCIAL
186738,CODE_IMPROVEMENT
183246,UNDERSTANDING
185472,CODE_IMPROVEMENT
188267,CODE_IMPROVEMENT
184593,UNDERSTANDING
66683,DEFECT
67612,SOCIAL
182397,CODE_IMPROVEMENT
186797,TESTING
184695,CODE_IMPROVEMENT
182338,TESTING
189994,UNDERSTANDING
188944,SETUP
186997,CODE_IMPROVEMENT
189013,CODE_IMPROVEMENT
184060,CODE_IMPROVEMENT
181007,TESTING
189102,CODE_IMPROVEMENT
182176,CODE_IMPROVEMENT
182452,CODE_IMPROVEMENT
181349,SOCIAL
187559,SOCIAL
184056,CODE_IMPROVEMENT
185665,UNDERSTANDING
181792,CODE_IMPROVEMENT
181084,DEFECT
184456,CODE_IMPROVEMENT
180139,DEFECT
186935,UNDERSTANDING
182983,CODE_IMPROVEMENT
187877,UNDERSTANDING
187016,UNDERSTANDING
66598,SOCIAL
67632,SETUP
185988,CODE_IMPROVEMENT
181212,REVIEW_TOOL
69795,CODE_IMPROVEMENT
181267,UNDERSTANDING
184765,CODE_IMPROVEMENT
181545,SETUP
180318,CODE_IMPROVEMENT
187344,CODE_IMPROVEMENT
184243,CODE_IMPROVEMENT
69074,SOCIAL
188132,SOCIAL
186667,CODE_IMPROVEMENT
69968,SOCIAL
184827,CODE_IMPROVEMENT
188423,UNDERSTANDING
185611,UNDERSTANDING
182401,UNDERSTANDING
182064,CODE_IMPROVEMENT
182079,CODE_IMPROVEMENT
180567,CODE_IMPROVEMENT
186949,DEFECT
189125,SETUP
68313,SOCIAL
185094,CODE_IMPROVEMENT
180460,CODE_IMPROVEMENT
186070,DEFECT
186803,CODE_IMPROVEMENT
186338,CODE_IMPROVEMENT
66794,SOCIAL
68573,REVIEW_TOOL
67109,SOCIAL
187658,CODE_IMPROVEMENT
186207,SETUP
187599,EXTERNAL_IMPACT
189604,SETUP
67457,SOCIAL
182785,CODE_IMPROVEMENT
180905,CODE_IMPROVEMENT
66705,REVIEW_TOOL
181816,DEFECT
67606,SETUP
183279,UNDERSTANDING
67356,UNDERSTANDING
188538,CODE_IMPROVEMENT
67482,SOCIAL
180252,TESTING
186765,UNDERSTANDING
188339,SETUP
182021,CODE_IMPROVEMENT
182960,CODE_IMPROVEMENT
181061,UNDERSTANDING
181396,SOCIAL
181365,CODE_IMPROVEMENT
187490,CODE_IMPROVEMENT
181988,MISC
180914,SETUP
188291,CODE_IMPROVEMENT
182698,REVIEW_TOOL
187828,CODE_IMPROVEMENT
187170,CODE_IMPROVEMENT
186974,CODE_IMPROVEMENT
182027,KNOWLEDGE_TRANSFER
190037,CODE_IMPROVEMENT
68285,CODE_IMPROVEMENT
182334,UNDERSTANDING
186161,TESTING
189594,CODE_IMPROVEMENT
186848,DEFECT
183192,CODE_IMPROVEMENT
182129,CODE_IMPROVEMENT
182162,CODE_IMPROVEMENT
185520,CODE_IMPROVEMENT
182427,CODE_IMPROVEMENT
181222,DEFECT
67392,SOCIAL
67248,SOCIAL
186939,UNDERSTANDING
66594,SOCIAL
66603,SOCIAL
67761,CODE_IMPROVEMENT
69313,SOCIAL
187906,KNOWLEDGE_TRANSFER
187575,SETUP
186944,EXTERNAL_IMPACT
190027,DEFECT
181066,KNOWLEDGE_TRANSFER
68955,SOCIAL
69033,CODE_IMPROVEMENT
188354,TESTING
180294,CODE_IMPROVEMENT
182857,CODE_IMPROVEMENT
184166,CODE_IMPROVEMENT
181556,UNDERSTANDING
184191,DEFECT
187801,CODE_IMPROVEMENT
181774,CODE_IMPROVEMENT
66662,SETUP
67046,SETUP
183551,DEFECT
67817,SOCIAL
182242,CODE_IMPROVEMENT
184980,CODE_IMPROVEMENT
186515,KNOWLEDGE_TRANSFER
185722,CODE_IMPROVEMENT
66728,SETUP
184859,CODE_IMPROVEMENT
186638,CODE_IMPROVEMENT
68048,SOCIAL
68282,CODE_IMPROVEMENT
186018,SETUP
187850,REVIEW_TOOL
68672,CODE_IMPROVEMENT
187485,KNOWLEDGE_TRANSFER
186569,UNDERSTANDING
182936,UNDERSTANDING
186279,CODE_IMPROVEMENT
186062,DEFECT
184947,DEFECT
188289,SETUP
183694,CODE_IMPROVEMENT
66947,EXTERNAL_IMPACT
184598,SETUP
69766,REVIEW_TOOL
189391,CODE_IMPROVEMENT
188694,SETUP
67343,TESTING
66929,KNOWLEDGE_TRANSFER
187515,UNDERSTANDING
180373,MISC
185894,UNDERSTANDING
182289,CODE_IMPROVEMENT
181044,CODE_IMPROVEMENT
182111,CODE_IMPROVEMENT
188324,CODE_IMPROVEMENT
182964,CODE_IMPROVEMENT
186312,EXTERNAL_IMPACT
184092,SOCIAL
182317,CODE_IMPROVEMENT
187905,CODE_IMPROVEMENT
187967,UNDERSTANDING
68942,CODE_IMPROVEMENT
67027,SOCIAL
181266,KNOWLEDGE_TRANSFER
181795,TESTING
189865,CODE_IMPROVEMENT
182434,CODE_IMPROVEMENT
183277,CODE_IMPROVEMENT
69337,UNDERSTANDING
184485,DEFECT
69627,CODE_IMPROVEMENT
180751,DEFECT
187247,CODE_IMPROVEMENT
183764,KNOWLEDGE_TRANSFER
188997,DEFECT
66607,SOCIAL
180508,CODE_IMPROVEMENT
187930,UNDERSTANDING
187027,CODE_IMPROVEMENT
182573,CODE_IMPROVEMENT
183688,UNDERSTANDING
188219,REVIEW_TOOL
67442,DEFECT
185325,CODE_IMPROVEMENT
67036,SOCIAL
186459,KNOWLEDGE_TRANSFER
182973,KNOWLEDGE_TRANSFER
181252,DEFECT
69813,SOCIAL
187632,CODE_IMPROVEMENT
181977,CODE_IMPROVEMENT
68868,REVIEW_TOOL
67066,SOCIAL
185068,DEFECT
188900,KNOWLEDGE_TRANSFER
68991,CODE_IMPROVEMENT
180431,CODE_IMPROVEMENT
184174,CODE_IMPROVEMENT
189981,KNOWLEDGE_TRANSFER
187074,UNDERSTANDING
180723,CODE_IMPROVEMENT
180773,KNOWLEDGE_TRANSFER
68219,SOCIAL
188606,UNDERSTANDING
185081,CODE_IMPROVEMENT
189396,SOCIAL
181085,DEFECT
183016,DEFECT
187558,KNOWLEDGE_TRANSFER
69942,SOCIAL
69343,CODE_IMPROVEMENT
188710,CODE_IMPROVEMENT
67775,SOCIAL
190006,EXTERNAL_IMPACT
186252,CODE_IMPROVEMENT
187991,CODE_IMPROVEMENT
69984,MISC
183108,CODE_IMPROVEMENT
189853,CODE_IMPROVEMENT
181672,TESTING
180844,SOCIAL
184259,CODE_IMPROVEMENT
185504,KNOWLEDGE_TRANSFER
69567,SOCIAL
188442,EXTERNAL_IMPACT
188032,KNOWLEDGE_TRANSFER
180998,UNDERSTANDING
67405,SOCIAL
67766,SETUP
184447,DEFECT
187939,SOCIAL
181880,SOCIAL
188794,DEFECT
181574,DEFECT
189959,DEFECT
188777,EXTERNAL_IMPACT
186714,UNDERSTANDING
182498,CODE_IMPROVEMENT
187062,TESTING
186606,UNDERSTANDING
184238,CODE_IMPROVEMENT
184375,DEFECT
180991,CODE_IMPROVEMENT
184812,UNDERSTANDING
67026,SOCIAL
185641,SETUP
186681,UNDERSTANDING
182895,KNOWLEDGE_TRANSFER
181376,KNOWLEDGE_TRANSFER
188475,DEFECT
189672,CODE_IMPROVEMENT
185764,CODE_IMPROVEMENT
189671,KNOWLEDGE_TRANSFER
189985,UNDERSTANDING
185674,CODE_IMPROVEMENT
67147,DEFECT
184723,CODE_IMPROVEMENT
188351,CODE_IMPROVEMENT
66703,SOCIAL
189960,TESTING
181794,CODE_IMPROVEMENT
183934,UNDERSTANDING
182439,CODE_IMPROVEMENT
181543,CODE_IMPROVEMENT
69834,SOCIAL
181717,CODE_IMPROVEMENT
180264,CODE_IMPROVEMENT
67322,SOCIAL
180227,CODE_IMPROVEMENT
187886,CODE_IMPROVEMENT
67527,SOCIAL
180693,CODE_IMPROVEMENT
182912,CODE_IMPROVEMENT
181798,DEFECT
162124,CODE_IMPROVEMENT
52670,MISC
160816,CODE_IMPROVEMENT
151356,UNDERSTANDING
136034,UNDERSTANDING
21194,SOCIAL
35477,SOCIAL
134515,SOCIAL
47855,MISC
58326,SOCIAL
43234,SOCIAL
156873,CODE_IMPROVEMENT
21277,SOCIAL
152456,CODE_IMPROVEMENT
158238,REVIEW_TOOL
57132,MISC
58995,SOCIAL
129758,CODE_IMPROVEMENT
34013,DEFECT
48752,SOCIAL
132965,MISC
31341,SOCIAL
45956,CODE_IMPROVEMENT
39713,SOCIAL
52066,CODE_IMPROVEMENT
34184,SOCIAL
40396,SOCIAL
26812,SOCIAL
158806,KNOWLEDGE_TRANSFER
142729,SOCIAL
30519,SOCIAL
48702,SOCIAL
31783,SOCIAL
132781,CODE_IMPROVEMENT
151435,UNDERSTANDING
24004,SOCIAL
152899,CODE_IMPROVEMENT
53467,MISC
29740,UNDERSTANDING
19065,MISC
28905,SOCIAL
34534,DEFECT
127251,SOCIAL
19684,SOCIAL
31604,UNDERSTANDING
56405,CODE_IMPROVEMENT
145505,CODE_IMPROVEMENT
47709,SOCIAL
137739,CODE_IMPROVEMENT
130526,TESTING
166848,CODE_IMPROVEMENT
35125,SOCIAL
170772,CODE_IMPROVEMENT
171269,CODE_IMPROVEMENT
130577,MISC
56910,SOCIAL
52368,DEFECT
42016,SOCIAL
48705,SOCIAL
54900,SOCIAL
51760,SOCIAL
142493,CODE_IMPROVEMENT
125859,MISC
24407,CODE_IMPROVEMENT
41367,CODE_IMPROVEMENT
124173,REVIEW_TOOL
141091,UNDERSTANDING
23502,CODE_IMPROVEMENT
38000,SOCIAL
19155,SOCIAL
20482,MISC
165700,CODE_IMPROVEMENT
169837,TESTING
24984,SOCIAL
39206,MISC
161899,DEFECT
151753,SOCIAL
39453,SOCIAL
146651,REVIEW_TOOL
141950,CODE_IMPROVEMENT
152872,SOCIAL
26849,SOCIAL
165414,SOCIAL
43541,SOCIAL
26594,SOCIAL
31558,TESTING
123557,DEFECT
137875,REVIEW_TOOL
24831,MISC
39960,SETUP
42964,SOCIAL
171398,CODE_IMPROVEMENT
169094,SETUP
43992,UNDERSTANDING
123323,CODE_IMPROVEMENT
48434,KNOWLEDGE_TRANSFER
48971,SOCIAL
41521,SOCIAL
161228,UNDERSTANDING
146762,UNDERSTANDING
134963,SOCIAL
45894,SOCIAL
163734,SOCIAL
170503,CODE_IMPROVEMENT
123195,SOCIAL
135051,CODE_IMPROVEMENT
54288,SOCIAL
21335,MISC
30138,EXTERNAL_IMPACT
143043,UNDERSTANDING
42452,SOCIAL
163836,DEFECT
47172,SOCIAL
143949,SOCIAL
169711,CODE_IMPROVEMENT
23104,CODE_IMPROVEMENT
169195,KNOWLEDGE_TRANSFER
151354,SOCIAL
39167,EXTERNAL_IMPACT
35494,MISC
58535,SOCIAL
167678,MISC
51151,SOCIAL
164603,KNOWLEDGE_TRANSFER
50502,SOCIAL
51176,DEFECT
166017,UNDERSTANDING
19892,SOCIAL
139328,CODE_IMPROVEMENT
33873,MISC
149014,DEFECT
142618,CODE_IMPROVEMENT
148649,SOCIAL
19476,CODE_IMPROVEMENT
168075,TESTING
55281,REVIEW_TOOL
56920,MISC
38140,MISC
21169,UNDERSTANDING
131171,CODE_IMPROVEMENT
133719,MISC
23693,SOCIAL
54459,SOCIAL
27554,CODE_IMPROVEMENT
133162,CODE_IMPROVEMENT
167205,CODE_IMPROVEMENT
129139,UNDERSTANDING
46855,SOCIAL
156553,DEFECT
55133,SOCIAL
38541,MISC
126329,TESTING
160261,UNDERSTANDING
43225,MISC
123235,CODE_IMPROVEMENT
23336,SOCIAL
34850,SOCIAL
48588,SOCIAL
157980,DEFECT
150433,DEFECT
157737,UNDERSTANDING
124621,KNOWLEDGE_TRANSFER
59555,SOCIAL
166019,UNDERSTANDING
28697,CODE_IMPROVEMENT
53701,SOCIAL
58968,TESTING
160790,SETUP
36118,UNDERSTANDING
58229,SOCIAL
44458,MISC
56600,REVIEW_TOOL
23320,UNDERSTANDING
53645,MISC
167360,CODE_IMPROVEMENT
40037,UNDERSTANDING
169536,CODE_IMPROVEMENT
24466,SOCIAL
29650,UNDERSTANDING
31219,MISC
41280,DEFECT
50234,CODE_IMPROVEMENT
26628,SOCIAL
36491,SOCIAL
127658,SETUP
153770,KNOWLEDGE_TRANSFER
40018,SOCIAL
58007,SOCIAL
128145,CODE_IMPROVEMENT
50893,SOCIAL
41435,SOCIAL
147354,CODE_IMPROVEMENT
54458,SOCIAL
55766,SOCIAL
56672,SOCIAL
32428,SOCIAL
158408,SOCIAL
40652,SOCIAL
132352,DEFECT
141776,UNDERSTANDING
125102,SOCIAL
170221,SETUP
170223,CODE_IMPROVEMENT
170220,KNOWLEDGE_TRANSFER
48054,SOCIAL
42970,SOCIAL
58845,SOCIAL
144929,DEFECT
46974,SOCIAL
164247,CODE_IMPROVEMENT
58461,SOCIAL
169780,UNDERSTANDING
169092,SETUP
39295,SOCIAL
159375,CODE_IMPROVEMENT
170414,UNDERSTANDING
164783,CODE_IMPROVEMENT
125343,CODE_IMPROVEMENT
157030,DEFECT
164726,CODE_IMPROVEMENT
35942,SOCIAL
54739,SOCIAL
130440,SOCIAL
38044,CODE_IMPROVEMENT
141036,UNDERSTANDING
137232,DEFECT
168157,DEFECT
154987,REVIEW_TOOL
48309,MISC
160813,CODE_IMPROVEMENT
142186,UNDERSTANDING
58177,SOCIAL
171160,REVIEW_TOOL
151439,MISC
21077,SOCIAL
21536,MISC
153256,TESTING
147071,SOCIAL
155626,REVIEW_TOOL
129100,KNOWLEDGE_TRANSFER
168930,DEFECT
135581,REVIEW_TOOL
138672,CODE_IMPROVEMENT
153801,CODE_IMPROVEMENT
157979,UNDERSTANDING
149312,CODE_IMPROVEMENT
30146,SOCIAL
20606,MISC
167045,EXTERNAL_IMPACT
153744,MISC
158815,REVIEW_TOOL
167727,REVIEW_TOOL
53031,SOCIAL
44632,MISC
59557,SOCIAL
41326,SOCIAL
41715,SOCIAL
171280,CODE_IMPROVEMENT
126928,UNDERSTANDING
162590,CODE_IMPROVEMENT
22864,DEFECT
126646,UNDERSTANDING
20359,DEFECT
37224,SOCIAL
131355,CODE_IMPROVEMENT
43797,REVIEW_TOOL
134349,CODE_IMPROVEMENT
26310,MISC
22774,SETUP
37331,CODE_IMPROVEMENT
29731,MISC
51733,MISC
57518,CODE_IMPROVEMENT
143121,REVIEW_TOOL
136195,CODE_IMPROVEMENT
127250,UNDERSTANDING
37326,SOCIAL
145485,CODE_IMPROVEMENT
20523,SOCIAL
24674,EXTERNAL_IMPACT
144311,CODE_IMPROVEMENT
55976,SOCIAL
165862,DEFECT
45303,MISC
41919,CODE_IMPROVEMENT
170135,CODE_IMPROVEMENT
156363,UNDERSTANDING
171763,SOCIAL
37953,SOCIAL
145026,DEFECT
20356,SOCIAL
161168,KNOWLEDGE_TRANSFER
52585,MISC
32908,MISC
33673,DEFECT
34214,CODE_IMPROVEMENT
45827,MISC
29010,SOCIAL
54123,SOCIAL
138724,DEFECT
