comment_id,gpt_label
2153575526,REVIEW_TOOL
2202707600,DEFECT
2140532355,UNDERSTANDING
2204135994,SOCIAL
2186140846,CODE_IMPROVEMENT
1935661369,UNDERSTANDING
2163089542,DEFECT
2172847634,DEFECT
2216171980,UNDERSTANDING
2228767470,SOCIAL
2171063932,DEFECT
2231445580,CODE_IMPROVEMENT
2169777348,CODE_IMPROVEMENT
2058983881,EXTERNAL_IMPACT
2224246206,CODE_IMPROVEMENT
2214491072,CODE_IMPROVEMENT
2200100945,CODE_IMPROVEMENT
2243812344,MISC
2185251388,CODE_IMPROVEMENT
2228716481,CODE_IMPROVEMENT
2166762844,DEFECT
2020048076,CODE_IMPROVEMENT
2006201414,DEFECT
2178461152,DEFECT
2205608329,DEFECT
2226269820,DEFECT
2205916171,CODE_IMPROVEMENT
2062684496,UNDERSTANDING
2209673486,UNDERSTANDING
2112868911,CODE_IMPROVEMENT
2160634991,CODE_IMPROVEMENT
2217918053,DEFECT
2212037930,CODE_IMPROVEMENT
2160622556,DEFECT
2204257416,SETUP
2094361811,CODE_IMPROVEMENT
2110971524,DEFECT
2101055615,DEFECT
2101148240,UNDERSTANDING
2187676696,CODE_IMPROVEMENT
2182304978,DEFECT
2186680421,CODE_IMPROVEMENT
2173393359,CODE_IMPROVEMENT
2166541760,CODE_IMPROVEMENT
2219564310,CODE_IMPROVEMENT
2217904100,DEFECT
2227679138,TESTING
2147620560,TESTING
2110594997,CODE_IMPROVEMENT
2194330640,DEFECT
2203744525,DEFECT
2133270951,DEFECT
2225896457,CODE_IMPROVEMENT
2218411411,CODE_IMPROVEMENT
2149981165,CODE_IMPROVEMENT
2187213566,MISC
2158320014,REVIEW_TOOL
1978172966,DEFECT
2121814345,SETUP
2227295883,CODE_IMPROVEMENT
2134863858,CODE_IMPROVEMENT
2205754611,DEFECT
2240407819,DEFECT
2159369386,EXTERNAL_IMPACT
2200967915,SOCIAL
2246774609,SOCIAL
2016236462,UNDERSTANDING
2134366016,CODE_IMPROVEMENT
2182595886,UNDERSTANDING
2211467264,DEFECT
2231674030,DEFECT
2160331500,CODE_IMPROVEMENT
2180756097,CODE_IMPROVEMENT
2181964089,DEFECT
2203218792,DEFECT
2210374174,TESTING
2160133115,DEFECT
2136763527,DEFECT
2196581866,CODE_IMPROVEMENT
2188286684,TESTING
2168349260,REVIEW_TOOL
2223601346,CODE_IMPROVEMENT
2233586302,UNDERSTANDING
2217546102,CODE_IMPROVEMENT
2164669787,CODE_IMPROVEMENT
2179982073,UNDERSTANDING
2174578356,UNDERSTANDING
2101553219,SOCIAL
2184176030,DEFECT
2188901275,CODE_IMPROVEMENT
2105509915,CODE_IMPROVEMENT
2217179967,DEFECT
2136763574,DEFECT
2208070042,CODE_IMPROVEMENT
2203406185,DEFECT
2094212761,DEFECT
2190839582,CODE_IMPROVEMENT
2168246081,SOCIAL
2062679708,CODE_IMPROVEMENT
2226973695,DEFECT
2085983354,CODE_IMPROVEMENT
2162339670,SETUP
2134754230,SOCIAL
2203202416,CODE_IMPROVEMENT
2168312171,DEFECT
2126272434,DEFECT
2247213798,UNDERSTANDING
2197555136,CODE_IMPROVEMENT
1962298186,CODE_IMPROVEMENT
2000469047,KNOWLEDGE_TRANSFER
2207469970,DEFECT
2196493123,CODE_IMPROVEMENT
2234033416,CODE_IMPROVEMENT
1982332607,DEFECT
2184641176,DEFECT
2136034413,KNOWLEDGE_TRANSFER
2217915400,CODE_IMPROVEMENT
2118236125,CODE_IMPROVEMENT
2207793689,EXTERNAL_IMPACT
2136143957,KNOWLEDGE_TRANSFER
2241358216,DEFECT
2241478646,CODE_IMPROVEMENT
2212638128,UNDERSTANDING
2217760436,KNOWLEDGE_TRANSFER
2134350742,TESTING
2201238425,SOCIAL
2203409605,DEFECT
2188658992,DEFECT
2177622811,CODE_IMPROVEMENT
2202805839,SOCIAL
2213739771,DEFECT
2218556417,SOCIAL
2158447777,CODE_IMPROVEMENT
1959587912,UNDERSTANDING
2207071145,DEFECT
2166967451,DEFECT
2196493039,CODE_IMPROVEMENT
2138279593,UNDERSTANDING
1945063975,CODE_IMPROVEMENT
2157867400,DEFECT
2181128952,CODE_IMPROVEMENT
2106326395,CODE_IMPROVEMENT
2199078526,DEFECT
2099731842,UNDERSTANDING
2232968889,CODE_IMPROVEMENT
2222509140,DEFECT
2220300900,CODE_IMPROVEMENT
1902994486,CODE_IMPROVEMENT
2244738832,DEFECT
2188956951,CODE_IMPROVEMENT
2035189065,CODE_IMPROVEMENT
2220685453,CODE_IMPROVEMENT
2175220379,UNDERSTANDING
2095621550,CODE_IMPROVEMENT
2195000649,CODE_IMPROVEMENT
2106507095,DEFECT
2227366701,REVIEW_TOOL
2211591243,KNOWLEDGE_TRANSFER
2151198458,KNOWLEDGE_TRANSFER
2230256549,DEFECT
2238002313,DEFECT
2112291337,CODE_IMPROVEMENT
2205223056,DEFECT
2152855530,CODE_IMPROVEMENT
2227609726,CODE_IMPROVEMENT
2039764779,DEFECT
2224365406,SETUP
2213789821,DEFECT
2142877661,CODE_IMPROVEMENT
2098100350,DEFECT
2136231841,CODE_IMPROVEMENT
2223435317,CODE_IMPROVEMENT
2202869188,CODE_IMPROVEMENT
2177573194,UNDERSTANDING
2114925791,CODE_IMPROVEMENT
2217502787,CODE_IMPROVEMENT
2106092685,CODE_IMPROVEMENT
2099678705,CODE_IMPROVEMENT
2136338849,CODE_IMPROVEMENT
2230612415,SETUP
2237188050,REVIEW_TOOL
2143310679,DEFECT
2218030829,CODE_IMPROVEMENT
2146820524,CODE_IMPROVEMENT
2217322035,CODE_IMPROVEMENT
2094426470,CODE_IMPROVEMENT
2141327366,CODE_IMPROVEMENT
2178255355,CODE_IMPROVEMENT
2230118342,CODE_IMPROVEMENT
2276795874,REVIEW_TOOL
2131876790,SETUP
2175329038,CODE_IMPROVEMENT
2172507846,CODE_IMPROVEMENT
2170930181,CODE_IMPROVEMENT
2138219943,DEFECT
2134067229,DEFECT
2137612457,UNDERSTANDING
1929945208,SETUP
2182078579,DEFECT
2150669387,CODE_IMPROVEMENT
2167952481,CODE_IMPROVEMENT
2233868516,REVIEW_TOOL
2238926409,CODE_IMPROVEMENT
2181197075,CODE_IMPROVEMENT
2192863309,UNDERSTANDING
2210980445,UNDERSTANDING
2203052344,UNDERSTANDING
2187874674,CODE_IMPROVEMENT
2220474399,REVIEW_TOOL
2217894537,DEFECT
2218390378,KNOWLEDGE_TRANSFER
2223590503,SETUP
2218417369,EXTERNAL_IMPACT
2218845691,TESTING
2171785813,UNDERSTANDING
2134695028,DEFECT
2233998993,TESTING
2170824823,CODE_IMPROVEMENT
2225840082,CODE_IMPROVEMENT
2106463704,CODE_IMPROVEMENT
2202562749,DEFECT
2139317117,UNDERSTANDING
2185432170,CODE_IMPROVEMENT
2209117256,TESTING
2196791469,CODE_IMPROVEMENT
2168273569,SOCIAL
2218384699,CODE_IMPROVEMENT
2173521873,DEFECT
2187854236,CODE_IMPROVEMENT
2151497146,DEFECT
2189329621,CODE_IMPROVEMENT
2201074595,CODE_IMPROVEMENT
1969253591,DEFECT
2203452817,SETUP
2161767333,UNDERSTANDING
2234500669,CODE_IMPROVEMENT
2198266492,DEFECT
2124949534,SETUP
2166033973,SOCIAL
2195190538,UNDERSTANDING
1948334246,DEFECT
2172945724,CODE_IMPROVEMENT
2108901145,CODE_IMPROVEMENT
2197654603,CODE_IMPROVEMENT
2145801557,CODE_IMPROVEMENT
2195794342,DEFECT
2217073942,CODE_IMPROVEMENT
2170953982,TESTING
2228390247,DEFECT
2149155031,DEFECT
2164399108,CODE_IMPROVEMENT
2216657071,CODE_IMPROVEMENT
2237719871,CODE_IMPROVEMENT
2148273549,CODE_IMPROVEMENT
2205745911,CODE_IMPROVEMENT
2171925432,DEFECT
2217557300,TESTING
2003362127,CODE_IMPROVEMENT
2221080253,DEFECT
2186560521,TESTING
1910705495,TESTING
2105478810,CODE_IMPROVEMENT
2233622699,CODE_IMPROVEMENT
2177895809,DEFECT
2187211350,CODE_IMPROVEMENT
2219348243,SOCIAL
2105696712,CODE_IMPROVEMENT
2164976257,CODE_IMPROVEMENT
2226373333,DEFECT
2190893476,CODE_IMPROVEMENT
2144351796,CODE_IMPROVEMENT
2155638489,DEFECT
2230441010,DEFECT
2220629415,SOCIAL
2093505466,TESTING
2178770594,DEFECT
2109406770,DEFECT
2180621523,CODE_IMPROVEMENT
2014121533,DEFECT
2163714662,DEFECT
2215469481,DEFECT
2201246111,TESTING
2217090286,DEFECT
2115834925,SOCIAL
2203104244,DEFECT
2221605340,CODE_IMPROVEMENT
2097218114,MISC
2101256611,REVIEW_TOOL
2173816717,SOCIAL
2231860936,CODE_IMPROVEMENT
2173635758,CODE_IMPROVEMENT
2081630128,CODE_IMPROVEMENT
2203215627,CODE_IMPROVEMENT
2160896067,CODE_IMPROVEMENT
2170481375,CODE_IMPROVEMENT
2021661915,DEFECT
2163521485,DEFECT
2178446957,DEFECT
2240332095,KNOWLEDGE_TRANSFER
2222932678,CODE_IMPROVEMENT
2233011127,MISC
2218516794,CODE_IMPROVEMENT
2105877489,DEFECT
2217813076,EXTERNAL_IMPACT
2186909185,CODE_IMPROVEMENT
2016081252,KNOWLEDGE_TRANSFER
2096593289,SOCIAL
2218422455,TESTING
2164855934,CODE_IMPROVEMENT
2209021931,UNDERSTANDING
2069468284,EXTERNAL_IMPACT
2211346660,REVIEW_TOOL
2160623194,UNDERSTANDING
2211352591,CODE_IMPROVEMENT
2207466197,KNOWLEDGE_TRANSFER
2198955225,CODE_IMPROVEMENT
2231931659,CODE_IMPROVEMENT
2210755875,DEFECT
2093929965,TESTING
2186720277,CODE_IMPROVEMENT
2120824488,CODE_IMPROVEMENT
1940346291,CODE_IMPROVEMENT
2233622713,CODE_IMPROVEMENT
2217361545,DEFECT
2201206310,DEFECT
2164305281,SETUP
2093588860,DEFECT
2160145246,CODE_IMPROVEMENT
2110753133,DEFECT
2095590727,CODE_IMPROVEMENT
1992052418,CODE_IMPROVEMENT
2116502690,CODE_IMPROVEMENT
2159786128,KNOWLEDGE_TRANSFER
2211645152,CODE_IMPROVEMENT
2222509097,DEFECT
2067739118,CODE_IMPROVEMENT
2081332778,DEFECT
2136408617,CODE_IMPROVEMENT
2221155109,DEFECT
2268414549,CODE_IMPROVEMENT
2161631707,MISC
2243974074,CODE_IMPROVEMENT
2203459092,CODE_IMPROVEMENT
2160084357,UNDERSTANDING
2183474099,CODE_IMPROVEMENT
2217101207,DEFECT
2183590442,DEFECT
2203826682,DEFECT
2216821345,CODE_IMPROVEMENT
2225031386,CODE_IMPROVEMENT
2096617613,UNDERSTANDING
2223951470,DEFECT
2110615414,CODE_IMPROVEMENT
2217404366,DEFECT
2228115829,DEFECT
1898826630,UNDERSTANDING
2234254935,DEFECT
2103226738,SOCIAL
2145565234,CODE_IMPROVEMENT
2187897507,CODE_IMPROVEMENT
2217864601,CODE_IMPROVEMENT
2188149867,SETUP
2139452142,CODE_IMPROVEMENT
2110998344,CODE_IMPROVEMENT
2160783952,KNOWLEDGE_TRANSFER
2235371071,SETUP
2218208029,CODE_IMPROVEMENT
2238098626,CODE_IMPROVEMENT
2105877477,CODE_IMPROVEMENT
2179937564,CODE_IMPROVEMENT
2185612308,SOCIAL
2209930174,CODE_IMPROVEMENT
2210642356,CODE_IMPROVEMENT
2219142391,CODE_IMPROVEMENT
2028427346,TESTING
2217570368,CODE_IMPROVEMENT
2199017826,SOCIAL
2185320019,DEFECT
2147666255,CODE_IMPROVEMENT
2230545169,DEFECT
2168068420,CODE_IMPROVEMENT
2194563722,SETUP
2138670968,KNOWLEDGE_TRANSFER
