sugg_id,type
0,DEFECT
1,CODE_IMPROVEMENT
2,CODE_IMPROVEMENT
3,CODE_IMPROVEMENT
4,TESTING
5,CODE_IMPROVEMENT
6,CODE_IMPROVEMENT
7,DEFECT
8,DEFECT
9,CODE_IMPROVEMENT
10,DEFECT
11,CODE_IMPROVEMENT
12,DEFECT
13,DEFECT
14,DEFECT
15,DEFECT
16,DEFECT
17,CODE_IMPROVEMENT
18,CODE_IMPROVEMENT
19,DEFECT
20,CODE_IMPROVEMENT
21,DEFECT
22,CODE_IMPROVEMENT
23,DEFECT
24,CODE_IMPROVEMENT
25,CODE_IMPROVEMENT
26,TESTING
27,TESTING
28,DEFECT
29,CODE_IMPROVEMENT
30,DEFECT
31,CODE_IMPROVEMENT
32,CODE_IMPROVEMENT
33,DEFECT
34,CODE_IMPROVEMENT
35,CODE_IMPROVEMENT
36,CODE_IMPROVEMENT
37,CODE_IMPROVEMENT
38,CODE_IMPROVEMENT
39,CODE_IMPROVEMENT
40,DEFECT
41,CODE_IMPROVEMENT
42,CODE_IMPROVEMENT
43,CODE_IMPROVEMENT
44,CODE_IMPROVEMENT
45,CODE_IMPROVEMENT
46,CODE_IMPROVEMENT
47,CODE_IMPROVEMENT
48,CODE_IMPROVEMENT
49,CODE_IMPROVEMENT
50,DEFECT
51,CODE_IMPROVEMENT
52,CODE_IMPROVEMENT
53,CODE_IMPROVEMENT
54,CODE_IMPROVEMENT
55,DEFECT
56,CODE_IMPROVEMENT
57,DEFECT
58,CODE_IMPROVEMENT
59,DEFECT
60,DEFECT
61,CODE_IMPROVEMENT
62,DEFECT
63,TESTING
64,DEFECT
65,CODE_IMPROVEMENT
66,CODE_IMPROVEMENT
67,CODE_IMPROVEMENT
68,CODE_IMPROVEMENT
69,DEFECT
70,DEFECT
71,DEFECT
72,DEFECT
73,CODE_IMPROVEMENT
74,DEFECT
75,DEFECT
76,CODE_IMPROVEMENT
77,DEFECT
78,CODE_IMPROVEMENT
79,CODE_IMPROVEMENT
80,DEFECT
81,CODE_IMPROVEMENT
82,CODE_IMPROVEMENT
83,CODE_IMPROVEMENT
84,SOCIAL
85,DEFECT
86,DEFECT
87,CODE_IMPROVEMENT
88,DEFECT
89,CODE_IMPROVEMENT
90,DEFECT
91,CODE_IMPROVEMENT
92,CODE_IMPROVEMENT
93,CODE_IMPROVEMENT
94,DEFECT
95,CODE_IMPROVEMENT
96,DEFECT
97,CODE_IMPROVEMENT
98,CODE_IMPROVEMENT
99,CODE_IMPROVEMENT
100,CODE_IMPROVEMENT
101,DEFECT
102,CODE_IMPROVEMENT
103,DEFECT
104,DEFECT
105,DEFECT
106,DEFECT
107,CODE_IMPROVEMENT
108,CODE_IMPROVEMENT
109,DEFECT
110,CODE_IMPROVEMENT
111,CODE_IMPROVEMENT
112,CODE_IMPROVEMENT
113,CODE_IMPROVEMENT
114,CODE_IMPROVEMENT
115,DEFECT
116,CODE_IMPROVEMENT
117,CODE_IMPROVEMENT
118,CODE_IMPROVEMENT
119,CODE_IMPROVEMENT
120,CODE_IMPROVEMENT
121,DEFECT
122,DEFECT
123,DEFECT
124,DEFECT
125,CODE_IMPROVEMENT
126,DEFECT
127,CODE_IMPROVEMENT
128,CODE_IMPROVEMENT
129,DEFECT
130,DEFECT
131,DEFECT
132,CODE_IMPROVEMENT
133,DEFECT
134,CODE_IMPROVEMENT
135,CODE_IMPROVEMENT
136,CODE_IMPROVEMENT
137,DEFECT
138,CODE_IMPROVEMENT
139,DEFECT
140,DEFECT
141,EXTERNAL_IMPACT
142,CODE_IMPROVEMENT
143,DEFECT
144,CODE_IMPROVEMENT
145,DEFECT
146,DEFECT
147,CODE_IMPROVEMENT
148,DEFECT
149,CODE_IMPROVEMENT
150,CODE_IMPROVEMENT
151,DEFECT
152,CODE_IMPROVEMENT
153,CODE_IMPROVEMENT
154,CODE_IMPROVEMENT
155,CODE_IMPROVEMENT
156,CODE_IMPROVEMENT
157,CODE_IMPROVEMENT
158,DEFECT
159,CODE_IMPROVEMENT
160,REVIEW_TOOL
161,CODE_IMPROVEMENT
162,CODE_IMPROVEMENT
163,CODE_IMPROVEMENT
164,DEFECT
165,DEFECT
166,DEFECT
167,DEFECT
168,CODE_IMPROVEMENT
169,CODE_IMPROVEMENT
170,CODE_IMPROVEMENT
171,CODE_IMPROVEMENT
172,TESTING
173,DEFECT
174,CODE_IMPROVEMENT
175,DEFECT
176,CODE_IMPROVEMENT
177,CODE_IMPROVEMENT
178,DEFECT
179,SOCIAL
180,DEFECT
181,DEFECT
182,DEFECT
183,CODE_IMPROVEMENT
184,DEFECT
185,CODE_IMPROVEMENT
186,CODE_IMPROVEMENT
187,DEFECT
188,CODE_IMPROVEMENT
189,DEFECT
190,CODE_IMPROVEMENT
191,DEFECT
192,DEFECT
193,DEFECT
194,DEFECT
195,CODE_IMPROVEMENT
196,DEFECT
197,CODE_IMPROVEMENT
198,DEFECT
199,DEFECT
200,CODE_IMPROVEMENT
201,DEFECT
202,TESTING
203,DEFECT
204,DEFECT
205,CODE_IMPROVEMENT
206,CODE_IMPROVEMENT
207,CODE_IMPROVEMENT
208,DEFECT
209,DEFECT
210,CODE_IMPROVEMENT
211,SETUP
212,DEFECT
213,CODE_IMPROVEMENT
214,DEFECT
215,DEFECT
216,CODE_IMPROVEMENT
217,CODE_IMPROVEMENT
218,KNOWLEDGE_TRANSFER
219,CODE_IMPROVEMENT
220,DEFECT
221,CODE_IMPROVEMENT
222,CODE_IMPROVEMENT
223,SOCIAL
224,CODE_IMPROVEMENT
225,DEFECT
226,CODE_IMPROVEMENT
227,DEFECT
228,CODE_IMPROVEMENT
229,DEFECT
230,CODE_IMPROVEMENT
231,DEFECT
232,DEFECT
233,CODE_IMPROVEMENT
234,CODE_IMPROVEMENT
235,CODE_IMPROVEMENT
236,CODE_IMPROVEMENT
237,DEFECT
238,SOCIAL
239,DEFECT
240,DEFECT
241,DEFECT
242,DEFECT
243,KNOWLEDGE_TRANSFER
244,DEFECT
245,TESTING
246,CODE_IMPROVEMENT
247,CODE_IMPROVEMENT
248,CODE_IMPROVEMENT
249,DEFECT
250,CODE_IMPROVEMENT
251,DEFECT
252,CODE_IMPROVEMENT
253,DEFECT
254,CODE_IMPROVEMENT
255,CODE_IMPROVEMENT
256,DEFECT
257,DEFECT
258,DEFECT
259,CODE_IMPROVEMENT
260,DEFECT
261,CODE_IMPROVEMENT
262,DEFECT
263,CODE_IMPROVEMENT
264,CODE_IMPROVEMENT
265,DEFECT
266,MISC
267,CODE_IMPROVEMENT
268,CODE_IMPROVEMENT
269,DEFECT
270,DEFECT
271,DEFECT
272,DEFECT
273,CODE_IMPROVEMENT
274,SOCIAL
275,KNOWLEDGE_TRANSFER
276,CODE_IMPROVEMENT
277,CODE_IMPROVEMENT
278,DEFECT
279,CODE_IMPROVEMENT
280,CODE_IMPROVEMENT
281,CODE_IMPROVEMENT
282,DEFECT
283,DEFECT
284,CODE_IMPROVEMENT
285,CODE_IMPROVEMENT
286,DEFECT
287,DEFECT
288,DEFECT
289,CODE_IMPROVEMENT
290,CODE_IMPROVEMENT
291,DEFECT
292,DEFECT
293,CODE_IMPROVEMENT
294,CODE_IMPROVEMENT
295,CODE_IMPROVEMENT
296,CODE_IMPROVEMENT
297,DEFECT
298,CODE_IMPROVEMENT
299,DEFECT
300,CODE_IMPROVEMENT
301,DEFECT
302,CODE_IMPROVEMENT
303,SOCIAL
304,DEFECT
305,CODE_IMPROVEMENT
306,KNOWLEDGE_TRANSFER
307,CODE_IMPROVEMENT
308,SOCIAL
309,SETUP
310,SOCIAL
311,CODE_IMPROVEMENT
312,SOCIAL
313,CODE_IMPROVEMENT
314,CODE_IMPROVEMENT
315,DEFECT
316,DEFECT
317,CODE_IMPROVEMENT
318,CODE_IMPROVEMENT
319,EXTERNAL_IMPACT
320,CODE_IMPROVEMENT
321,CODE_IMPROVEMENT
322,DEFECT
323,CODE_IMPROVEMENT
324,CODE_IMPROVEMENT
325,KNOWLEDGE_TRANSFER
326,DEFECT
327,DEFECT
328,CODE_IMPROVEMENT
329,DEFECT
330,CODE_IMPROVEMENT
331,CODE_IMPROVEMENT
332,CODE_IMPROVEMENT
333,EXTERNAL_IMPACT
334,CODE_IMPROVEMENT
335,CODE_IMPROVEMENT
336,CODE_IMPROVEMENT
337,CODE_IMPROVEMENT
338,CODE_IMPROVEMENT
339,CODE_IMPROVEMENT
340,CODE_IMPROVEMENT
341,CODE_IMPROVEMENT
342,CODE_IMPROVEMENT
343,CODE_IMPROVEMENT
344,CODE_IMPROVEMENT
345,CODE_IMPROVEMENT
346,TESTING
347,DEFECT
348,CODE_IMPROVEMENT
349,CODE_IMPROVEMENT
350,EXTERNAL_IMPACT
351,CODE_IMPROVEMENT
352,CODE_IMPROVEMENT
353,CODE_IMPROVEMENT
354,KNOWLEDGE_TRANSFER
355,CODE_IMPROVEMENT
356,CODE_IMPROVEMENT
357,CODE_IMPROVEMENT
358,EXTERNAL_IMPACT
359,CODE_IMPROVEMENT
360,CODE_IMPROVEMENT
361,CODE_IMPROVEMENT
362,CODE_IMPROVEMENT
363,CODE_IMPROVEMENT
364,CODE_IMPROVEMENT
365,TESTING
366,SOCIAL
367,CODE_IMPROVEMENT
368,CODE_IMPROVEMENT
369,CODE_IMPROVEMENT
370,CODE_IMPROVEMENT
371,DEFECT
372,CODE_IMPROVEMENT
373,DEFECT
374,CODE_IMPROVEMENT
375,CODE_IMPROVEMENT
376,CODE_IMPROVEMENT
377,CODE_IMPROVEMENT
378,SOCIAL
379,TESTING
380,TESTING
381,DEFECT
382,DEFECT
383,DEFECT
384,MISC
385,CODE_IMPROVEMENT
386,DEFECT
387,CODE_IMPROVEMENT
388,CODE_IMPROVEMENT
389,CODE_IMPROVEMENT
390,CODE_IMPROVEMENT
391,CODE_IMPROVEMENT
392,DEFECT
393,CODE_IMPROVEMENT
394,TESTING
395,DEFECT
396,KNOWLEDGE_TRANSFER
397,DEFECT
398,CODE_IMPROVEMENT
399,CODE_IMPROVEMENT
400,DEFECT
401,DEFECT
402,MISC
403,DEFECT
404,DEFECT
405,KNOWLEDGE_TRANSFER
406,CODE_IMPROVEMENT
407,CODE_IMPROVEMENT
408,DEFECT
409,TESTING
410,CODE_IMPROVEMENT
411,CODE_IMPROVEMENT
412,KNOWLEDGE_TRANSFER
413,CODE_IMPROVEMENT
414,CODE_IMPROVEMENT
415,SOCIAL
416,EXTERNAL_IMPACT
417,CODE_IMPROVEMENT
418,CODE_IMPROVEMENT
419,CODE_IMPROVEMENT
420,CODE_IMPROVEMENT
421,CODE_IMPROVEMENT
422,MISC
423,KNOWLEDGE_TRANSFER
424,CODE_IMPROVEMENT
425,CODE_IMPROVEMENT
426,CODE_IMPROVEMENT
427,SOCIAL
428,CODE_IMPROVEMENT
429,SOCIAL
430,CODE_IMPROVEMENT
431,DEFECT
432,CODE_IMPROVEMENT
433,CODE_IMPROVEMENT
434,CODE_IMPROVEMENT
435,CODE_IMPROVEMENT
436,DEFECT
437,CODE_IMPROVEMENT
438,TESTING
439,CODE_IMPROVEMENT
440,CODE_IMPROVEMENT
441,CODE_IMPROVEMENT
442,CODE_IMPROVEMENT
443,CODE_IMPROVEMENT
444,SETUP
445,CODE_IMPROVEMENT
446,CODE_IMPROVEMENT
447,DEFECT
448,DEFECT
449,CODE_IMPROVEMENT
450,CODE_IMPROVEMENT
451,DEFECT
452,DEFECT
453,CODE_IMPROVEMENT
454,SOCIAL
455,DEFECT
456,CODE_IMPROVEMENT
457,CODE_IMPROVEMENT
458,DEFECT
459,CODE_IMPROVEMENT
460,CODE_IMPROVEMENT
461,DEFECT
462,DEFECT
463,CODE_IMPROVEMENT
464,CODE_IMPROVEMENT
465,CODE_IMPROVEMENT
466,SOCIAL
467,CODE_IMPROVEMENT
468,DEFECT
469,TESTING
470,SOCIAL
471,DEFECT
472,CODE_IMPROVEMENT
473,CODE_IMPROVEMENT
474,UNDERSTANDING
475,DEFECT
476,CODE_IMPROVEMENT
477,CODE_IMPROVEMENT
478,CODE_IMPROVEMENT
479,CODE_IMPROVEMENT
480,SOCIAL
481,DEFECT
482,CODE_IMPROVEMENT
483,CODE_IMPROVEMENT
484,EXTERNAL_IMPACT
485,CODE_IMPROVEMENT
486,DEFECT
487,UNDERSTANDING
488,CODE_IMPROVEMENT
489,CODE_IMPROVEMENT
490,DEFECT
491,TESTING
492,CODE_IMPROVEMENT
493,DEFECT
494,CODE_IMPROVEMENT
495,CODE_IMPROVEMENT
496,CODE_IMPROVEMENT
497,CODE_IMPROVEMENT
498,CODE_IMPROVEMENT
499,CODE_IMPROVEMENT
500,CODE_IMPROVEMENT
501,CODE_IMPROVEMENT
502,CODE_IMPROVEMENT
503,DEFECT
504,EXTERNAL_IMPACT
505,DEFECT
506,SOCIAL
507,CODE_IMPROVEMENT
508,TESTING
509,CODE_IMPROVEMENT
510,CODE_IMPROVEMENT
511,CODE_IMPROVEMENT
512,CODE_IMPROVEMENT
513,KNOWLEDGE_TRANSFER
514,SOCIAL
515,DEFECT
516,CODE_IMPROVEMENT
517,CODE_IMPROVEMENT
518,DEFECT
519,KNOWLEDGE_TRANSFER
520,CODE_IMPROVEMENT
521,CODE_IMPROVEMENT
522,CODE_IMPROVEMENT
523,CODE_IMPROVEMENT
524,CODE_IMPROVEMENT
525,SOCIAL
526,DEFECT
527,DEFECT
528,CODE_IMPROVEMENT
529,CODE_IMPROVEMENT
530,CODE_IMPROVEMENT
531,CODE_IMPROVEMENT
532,UNDERSTANDING
533,CODE_IMPROVEMENT
534,UNDERSTANDING
535,DEFECT
536,CODE_IMPROVEMENT
537,CODE_IMPROVEMENT
538,CODE_IMPROVEMENT
539,CODE_IMPROVEMENT
540,DEFECT
541,DEFECT
542,CODE_IMPROVEMENT
543,DEFECT
544,SOCIAL
545,CODE_IMPROVEMENT
546,CODE_IMPROVEMENT
547,CODE_IMPROVEMENT
548,DEFECT
549,DEFECT
550,MISC
551,DEFECT
552,DEFECT
553,EXTERNAL_IMPACT
554,CODE_IMPROVEMENT
555,CODE_IMPROVEMENT
556,CODE_IMPROVEMENT
557,CODE_IMPROVEMENT
558,CODE_IMPROVEMENT
559,CODE_IMPROVEMENT
560,CODE_IMPROVEMENT
561,SOCIAL
562,DEFECT
563,DEFECT
564,SOCIAL
565,SOCIAL
566,CODE_IMPROVEMENT
567,KNOWLEDGE_TRANSFER
568,CODE_IMPROVEMENT
569,SOCIAL
570,CODE_IMPROVEMENT
571,CODE_IMPROVEMENT
572,UNDERSTANDING
573,DEFECT
574,CODE_IMPROVEMENT
575,UNDERSTANDING
576,SOCIAL
577,CODE_IMPROVEMENT
578,CODE_IMPROVEMENT
579,CODE_IMPROVEMENT
580,DEFECT
581,DEFECT
582,DEFECT
583,CODE_IMPROVEMENT
584,DEFECT
585,CODE_IMPROVEMENT
586,CODE_IMPROVEMENT
587,DEFECT
588,CODE_IMPROVEMENT
589,DEFECT
590,DEFECT
591,CODE_IMPROVEMENT
592,CODE_IMPROVEMENT
593,DEFECT
594,DEFECT
595,SOCIAL
596,CODE_IMPROVEMENT
597,CODE_IMPROVEMENT
598,CODE_IMPROVEMENT
599,CODE_IMPROVEMENT
600,DEFECT
601,CODE_IMPROVEMENT
602,DEFECT
603,CODE_IMPROVEMENT
604,CODE_IMPROVEMENT
605,CODE_IMPROVEMENT
606,CODE_IMPROVEMENT
607,DEFECT
608,DEFECT
609,DEFECT
610,DEFECT
611,CODE_IMPROVEMENT
612,CODE_IMPROVEMENT
613,CODE_IMPROVEMENT
614,CODE_IMPROVEMENT
615,DEFECT
616,CODE_IMPROVEMENT
617,CODE_IMPROVEMENT
618,CODE_IMPROVEMENT
619,CODE_IMPROVEMENT
620,DEFECT
621,CODE_IMPROVEMENT
622,DEFECT
623,CODE_IMPROVEMENT
624,CODE_IMPROVEMENT
625,TESTING
626,DEFECT
627,CODE_IMPROVEMENT
628,DEFECT
629,DEFECT
630,CODE_IMPROVEMENT
631,DEFECT
632,CODE_IMPROVEMENT
633,CODE_IMPROVEMENT
634,DEFECT
635,DEFECT
636,DEFECT
637,CODE_IMPROVEMENT
638,DEFECT
639,CODE_IMPROVEMENT
640,CODE_IMPROVEMENT
641,CODE_IMPROVEMENT
642,DEFECT
643,CODE_IMPROVEMENT
644,CODE_IMPROVEMENT
645,TESTING
646,DEFECT
647,CODE_IMPROVEMENT
648,CODE_IMPROVEMENT
649,CODE_IMPROVEMENT
650,TESTING
651,CODE_IMPROVEMENT
652,DEFECT
653,CODE_IMPROVEMENT
654,DEFECT
655,DEFECT
656,CODE_IMPROVEMENT
657,CODE_IMPROVEMENT
658,SETUP
659,DEFECT
660,CODE_IMPROVEMENT
661,DEFECT
662,DEFECT
663,DEFECT
664,DEFECT
665,DEFECT
666,CODE_IMPROVEMENT
667,CODE_IMPROVEMENT
668,KNOWLEDGE_TRANSFER
669,CODE_IMPROVEMENT
670,KNOWLEDGE_TRANSFER
671,DEFECT
672,DEFECT
673,CODE_IMPROVEMENT
674,DEFECT
675,DEFECT
676,CODE_IMPROVEMENT
677,CODE_IMPROVEMENT
678,CODE_IMPROVEMENT
679,DEFECT
680,DEFECT
681,DEFECT
682,CODE_IMPROVEMENT
683,DEFECT
684,CODE_IMPROVEMENT
685,CODE_IMPROVEMENT
686,EXTERNAL_IMPACT
687,CODE_IMPROVEMENT
688,TESTING
689,DEFECT
690,CODE_IMPROVEMENT
691,DEFECT
692,DEFECT
693,DEFECT
694,DEFECT
695,DEFECT
696,CODE_IMPROVEMENT
697,CODE_IMPROVEMENT
698,CODE_IMPROVEMENT
699,CODE_IMPROVEMENT
700,CODE_IMPROVEMENT
701,DEFECT
702,DEFECT
703,CODE_IMPROVEMENT
704,DEFECT
705,CODE_IMPROVEMENT
706,CODE_IMPROVEMENT
707,CODE_IMPROVEMENT
708,CODE_IMPROVEMENT
709,CODE_IMPROVEMENT
710,CODE_IMPROVEMENT
711,DEFECT
712,CODE_IMPROVEMENT
713,CODE_IMPROVEMENT
714,DEFECT
715,CODE_IMPROVEMENT
716,DEFECT
717,CODE_IMPROVEMENT
718,CODE_IMPROVEMENT
719,CODE_IMPROVEMENT
720,CODE_IMPROVEMENT
721,DEFECT
722,CODE_IMPROVEMENT
723,CODE_IMPROVEMENT
724,CODE_IMPROVEMENT
725,DEFECT
726,CODE_IMPROVEMENT
727,DEFECT
728,DEFECT
729,DEFECT
730,TESTING
731,CODE_IMPROVEMENT
732,CODE_IMPROVEMENT
733,DEFECT
734,CODE_IMPROVEMENT
735,CODE_IMPROVEMENT
736,CODE_IMPROVEMENT
737,DEFECT
738,CODE_IMPROVEMENT
739,DEFECT
740,CODE_IMPROVEMENT
741,CODE_IMPROVEMENT
742,DEFECT
743,CODE_IMPROVEMENT
744,DEFECT
745,DEFECT
746,DEFECT
747,CODE_IMPROVEMENT
748,DEFECT
749,SOCIAL
750,DEFECT
751,CODE_IMPROVEMENT
752,DEFECT
753,TESTING
754,CODE_IMPROVEMENT
755,CODE_IMPROVEMENT
756,DEFECT
757,CODE_IMPROVEMENT
758,CODE_IMPROVEMENT
759,CODE_IMPROVEMENT
760,DEFECT
761,CODE_IMPROVEMENT
762,CODE_IMPROVEMENT
763,DEFECT
764,CODE_IMPROVEMENT
765,DEFECT
766,CODE_IMPROVEMENT
767,DEFECT
768,CODE_IMPROVEMENT
769,DEFECT
770,CODE_IMPROVEMENT
771,CODE_IMPROVEMENT
772,DEFECT
773,DEFECT
774,DEFECT
775,DEFECT
776,DEFECT
777,CODE_IMPROVEMENT
778,CODE_IMPROVEMENT
779,DEFECT
780,DEFECT
781,DEFECT
782,CODE_IMPROVEMENT
783,CODE_IMPROVEMENT
784,CODE_IMPROVEMENT
785,CODE_IMPROVEMENT
786,DEFECT
787,DEFECT
788,CODE_IMPROVEMENT
789,CODE_IMPROVEMENT
790,CODE_IMPROVEMENT
791,DEFECT
792,DEFECT
793,CODE_IMPROVEMENT
794,DEFECT
795,CODE_IMPROVEMENT
796,CODE_IMPROVEMENT
797,CODE_IMPROVEMENT
798,DEFECT
799,DEFECT
800,CODE_IMPROVEMENT
801,DEFECT
802,CODE_IMPROVEMENT
803,CODE_IMPROVEMENT
804,DEFECT
805,CODE_IMPROVEMENT
806,CODE_IMPROVEMENT
807,CODE_IMPROVEMENT
808,DEFECT
809,CODE_IMPROVEMENT
810,DEFECT
811,DEFECT
812,EXTERNAL_IMPACT
813,CODE_IMPROVEMENT
814,CODE_IMPROVEMENT
815,DEFECT
816,CODE_IMPROVEMENT
817,CODE_IMPROVEMENT
818,CODE_IMPROVEMENT
819,DEFECT
820,DEFECT
821,EXTERNAL_IMPACT
822,DEFECT
823,DEFECT
824,DEFECT
825,CODE_IMPROVEMENT
826,CODE_IMPROVEMENT
827,DEFECT
828,DEFECT
829,CODE_IMPROVEMENT
830,DEFECT
831,CODE_IMPROVEMENT
832,DEFECT
833,DEFECT
834,CODE_IMPROVEMENT
835,CODE_IMPROVEMENT
836,CODE_IMPROVEMENT
837,DEFECT
838,DEFECT
839,CODE_IMPROVEMENT
840,CODE_IMPROVEMENT
841,DEFECT
842,CODE_IMPROVEMENT
843,DEFECT
844,CODE_IMPROVEMENT
845,CODE_IMPROVEMENT
846,TESTING
847,CODE_IMPROVEMENT
848,DEFECT
849,DEFECT
850,DEFECT
851,CODE_IMPROVEMENT
852,DEFECT
853,DEFECT
854,CODE_IMPROVEMENT
855,CODE_IMPROVEMENT
856,CODE_IMPROVEMENT
857,CODE_IMPROVEMENT
858,DEFECT
859,CODE_IMPROVEMENT
860,DEFECT
861,CODE_IMPROVEMENT
862,CODE_IMPROVEMENT
863,CODE_IMPROVEMENT
864,DEFECT
865,DEFECT
866,DEFECT
867,CODE_IMPROVEMENT
868,DEFECT
869,CODE_IMPROVEMENT
870,DEFECT
871,DEFECT
872,CODE_IMPROVEMENT
873,DEFECT
874,DEFECT
875,CODE_IMPROVEMENT
876,TESTING
877,CODE_IMPROVEMENT
878,CODE_IMPROVEMENT
879,CODE_IMPROVEMENT
880,CODE_IMPROVEMENT
881,CODE_IMPROVEMENT
882,DEFECT
883,DEFECT
884,CODE_IMPROVEMENT
885,DEFECT
886,CODE_IMPROVEMENT
887,DEFECT
888,CODE_IMPROVEMENT
889,CODE_IMPROVEMENT
890,CODE_IMPROVEMENT
891,DEFECT
892,DEFECT
893,DEFECT
894,DEFECT
895,DEFECT
896,CODE_IMPROVEMENT
897,DEFECT
898,CODE_IMPROVEMENT
899,TESTING
900,DEFECT
901,DEFECT
902,DEFECT
903,DEFECT
904,CODE_IMPROVEMENT
905,CODE_IMPROVEMENT
906,CODE_IMPROVEMENT
907,DEFECT
908,DEFECT
909,CODE_IMPROVEMENT
910,CODE_IMPROVEMENT
911,CODE_IMPROVEMENT
912,DEFECT
913,CODE_IMPROVEMENT
914,CODE_IMPROVEMENT
915,CODE_IMPROVEMENT
916,DEFECT
917,DEFECT
918,DEFECT
919,CODE_IMPROVEMENT
920,CODE_IMPROVEMENT
921,CODE_IMPROVEMENT
922,CODE_IMPROVEMENT
923,CODE_IMPROVEMENT
924,CODE_IMPROVEMENT
925,CODE_IMPROVEMENT
926,CODE_IMPROVEMENT
927,CODE_IMPROVEMENT
928,DEFECT
929,DEFECT
930,DEFECT
931,DEFECT
932,CODE_IMPROVEMENT
933,CODE_IMPROVEMENT
934,CODE_IMPROVEMENT
935,CODE_IMPROVEMENT
936,CODE_IMPROVEMENT
937,CODE_IMPROVEMENT
938,DEFECT
939,DEFECT
940,CODE_IMPROVEMENT
941,DEFECT
942,CODE_IMPROVEMENT
943,DEFECT
944,CODE_IMPROVEMENT
945,CODE_IMPROVEMENT
946,TESTING
947,CODE_IMPROVEMENT
948,DEFECT
949,CODE_IMPROVEMENT
950,CODE_IMPROVEMENT
951,DEFECT
952,DEFECT
953,CODE_IMPROVEMENT
954,CODE_IMPROVEMENT
955,CODE_IMPROVEMENT
956,CODE_IMPROVEMENT
957,DEFECT
958,DEFECT
959,DEFECT
960,CODE_IMPROVEMENT
961,CODE_IMPROVEMENT
962,CODE_IMPROVEMENT
963,CODE_IMPROVEMENT
964,CODE_IMPROVEMENT
965,DEFECT
966,CODE_IMPROVEMENT
967,DEFECT
968,DEFECT
969,CODE_IMPROVEMENT
970,DEFECT
971,DEFECT
972,CODE_IMPROVEMENT
973,DEFECT
974,DEFECT
975,KNOWLEDGE_TRANSFER
976,CODE_IMPROVEMENT
977,CODE_IMPROVEMENT
978,DEFECT
979,TESTING
980,CODE_IMPROVEMENT
981,CODE_IMPROVEMENT
982,DEFECT
983,DEFECT
984,CODE_IMPROVEMENT
985,CODE_IMPROVEMENT
986,DEFECT
987,DEFECT
988,DEFECT
989,DEFECT
990,CODE_IMPROVEMENT
991,CODE_IMPROVEMENT
992,DEFECT
993,CODE_IMPROVEMENT
994,CODE_IMPROVEMENT
995,DEFECT
996,CODE_IMPROVEMENT
997,CODE_IMPROVEMENT
998,DEFECT
999,CODE_IMPROVEMENT
1000,CODE_IMPROVEMENT
1001,MISC
1002,CODE_IMPROVEMENT
1003,CODE_IMPROVEMENT
1004,CODE_IMPROVEMENT
1005,CODE_IMPROVEMENT
1006,DEFECT
1007,CODE_IMPROVEMENT
1008,CODE_IMPROVEMENT
1009,CODE_IMPROVEMENT
1010,CODE_IMPROVEMENT
1011,DEFECT
1012,DEFECT
1013,DEFECT
1014,DEFECT
1015,CODE_IMPROVEMENT
1016,DEFECT
1017,DEFECT
1018,CODE_IMPROVEMENT
1019,DEFECT
1020,CODE_IMPROVEMENT
1021,CODE_IMPROVEMENT
1022,DEFECT
1023,CODE_IMPROVEMENT
1024,CODE_IMPROVEMENT
1025,CODE_IMPROVEMENT
1026,DEFECT
1027,DEFECT
1028,DEFECT
1029,CODE_IMPROVEMENT
1030,DEFECT
1031,DEFECT
1032,CODE_IMPROVEMENT
1033,CODE_IMPROVEMENT
1034,DEFECT
1035,CODE_IMPROVEMENT
1036,CODE_IMPROVEMENT
1037,CODE_IMPROVEMENT
1038,CODE_IMPROVEMENT
1039,DEFECT
1040,CODE_IMPROVEMENT
1041,CODE_IMPROVEMENT
1042,TESTING
1043,CODE_IMPROVEMENT
1044,DEFECT
1045,TESTING
1046,DEFECT
1047,DEFECT
1048,CODE_IMPROVEMENT
1049,DEFECT
1050,DEFECT
1051,CODE_IMPROVEMENT
1052,CODE_IMPROVEMENT
1053,TESTING
1054,CODE_IMPROVEMENT
1055,CODE_IMPROVEMENT
1056,DEFECT
1057,DEFECT
1058,CODE_IMPROVEMENT
1059,CODE_IMPROVEMENT
1060,DEFECT
1061,DEFECT
1062,DEFECT
1063,CODE_IMPROVEMENT
1064,CODE_IMPROVEMENT
1065,DEFECT
1066,CODE_IMPROVEMENT
1067,CODE_IMPROVEMENT
1068,CODE_IMPROVEMENT
1069,DEFECT
1070,DEFECT
1071,DEFECT
1072,DEFECT
1073,DEFECT
1074,DEFECT
1075,DEFECT
1076,CODE_IMPROVEMENT
1077,DEFECT
1078,CODE_IMPROVEMENT
1079,DEFECT
1080,DEFECT
1081,DEFECT
1082,CODE_IMPROVEMENT
1083,SOCIAL
1084,CODE_IMPROVEMENT
1085,DEFECT
1086,CODE_IMPROVEMENT
1087,CODE_IMPROVEMENT
1088,CODE_IMPROVEMENT
1089,CODE_IMPROVEMENT
1090,CODE_IMPROVEMENT
1091,CODE_IMPROVEMENT
1092,CODE_IMPROVEMENT
1093,KNOWLEDGE_TRANSFER
1094,CODE_IMPROVEMENT
1095,CODE_IMPROVEMENT
1096,DEFECT
1097,DEFECT
1098,DEFECT
1099,CODE_IMPROVEMENT
1100,CODE_IMPROVEMENT
1101,DEFECT
1102,CODE_IMPROVEMENT
1103,DEFECT
1104,CODE_IMPROVEMENT
1105,DEFECT
1106,CODE_IMPROVEMENT
1107,DEFECT
1108,DEFECT
1109,DEFECT
1110,DEFECT
1111,CODE_IMPROVEMENT
1112,DEFECT
1113,DEFECT
1114,CODE_IMPROVEMENT
1115,CODE_IMPROVEMENT
1116,DEFECT
1117,CODE_IMPROVEMENT
1118,CODE_IMPROVEMENT
1119,CODE_IMPROVEMENT
1120,CODE_IMPROVEMENT
1121,DEFECT
1122,DEFECT
1123,DEFECT
1124,CODE_IMPROVEMENT
1125,CODE_IMPROVEMENT
1126,DEFECT
1127,DEFECT
1128,DEFECT
1129,DEFECT
1130,DEFECT
1131,CODE_IMPROVEMENT
1132,CODE_IMPROVEMENT
1133,DEFECT
1134,DEFECT
1135,DEFECT
1136,CODE_IMPROVEMENT
1137,CODE_IMPROVEMENT
1138,DEFECT
1139,SETUP
1140,DEFECT
1141,CODE_IMPROVEMENT
1142,DEFECT
1143,DEFECT
1144,DEFECT
1145,DEFECT
1146,CODE_IMPROVEMENT
1147,CODE_IMPROVEMENT
1148,TESTING
1149,CODE_IMPROVEMENT
1150,CODE_IMPROVEMENT
1151,CODE_IMPROVEMENT
1152,CODE_IMPROVEMENT
1153,DEFECT
1154,DEFECT
1155,DEFECT
1156,CODE_IMPROVEMENT
1157,CODE_IMPROVEMENT
1158,CODE_IMPROVEMENT
1159,DEFECT
1160,CODE_IMPROVEMENT
1161,CODE_IMPROVEMENT
1162,DEFECT
1163,DEFECT
1164,DEFECT
1165,DEFECT
1166,CODE_IMPROVEMENT
1167,DEFECT
1168,DEFECT
1169,DEFECT
1170,SOCIAL
1171,DEFECT
1172,MISC
1173,CODE_IMPROVEMENT
1174,CODE_IMPROVEMENT
1175,CODE_IMPROVEMENT
1176,CODE_IMPROVEMENT
1177,DEFECT
1178,CODE_IMPROVEMENT
1179,DEFECT
1180,CODE_IMPROVEMENT
1181,CODE_IMPROVEMENT
1182,CODE_IMPROVEMENT
1183,TESTING
1184,CODE_IMPROVEMENT
1185,CODE_IMPROVEMENT
1186,CODE_IMPROVEMENT
1187,CODE_IMPROVEMENT
1188,CODE_IMPROVEMENT
1189,CODE_IMPROVEMENT
1190,DEFECT
1191,CODE_IMPROVEMENT
1192,DEFECT
1193,CODE_IMPROVEMENT
1194,CODE_IMPROVEMENT
1195,TESTING
1196,CODE_IMPROVEMENT
1197,CODE_IMPROVEMENT
1198,TESTING
1199,CODE_IMPROVEMENT
1200,CODE_IMPROVEMENT
1201,DEFECT
1202,CODE_IMPROVEMENT
1203,DEFECT
1204,DEFECT
1205,DEFECT
1206,DEFECT
1207,CODE_IMPROVEMENT
1208,CODE_IMPROVEMENT
1209,TESTING
1210,TESTING
1211,EXTERNAL_IMPACT
1212,DEFECT
1213,CODE_IMPROVEMENT
1214,DEFECT
1215,CODE_IMPROVEMENT
1216,CODE_IMPROVEMENT
1217,DEFECT
1218,DEFECT
1219,DEFECT
1220,TESTING
1221,CODE_IMPROVEMENT
1222,DEFECT
1223,DEFECT
1224,DEFECT
1225,CODE_IMPROVEMENT
1226,DEFECT
1227,CODE_IMPROVEMENT
1228,CODE_IMPROVEMENT
1229,CODE_IMPROVEMENT
1230,DEFECT
1231,CODE_IMPROVEMENT
1232,DEFECT
1233,CODE_IMPROVEMENT
1234,MISC
1235,DEFECT
1236,DEFECT
1237,CODE_IMPROVEMENT
1238,DEFECT
1239,CODE_IMPROVEMENT
1240,DEFECT
1241,DEFECT
1242,CODE_IMPROVEMENT
1243,CODE_IMPROVEMENT
1244,CODE_IMPROVEMENT
1245,CODE_IMPROVEMENT
1246,CODE_IMPROVEMENT
1247,CODE_IMPROVEMENT
1248,CODE_IMPROVEMENT
1249,DEFECT
1250,CODE_IMPROVEMENT
1251,CODE_IMPROVEMENT
1252,DEFECT
1253,CODE_IMPROVEMENT
1254,DEFECT
1255,CODE_IMPROVEMENT
1256,KNOWLEDGE_TRANSFER
1257,DEFECT
1258,CODE_IMPROVEMENT
1259,CODE_IMPROVEMENT
1260,CODE_IMPROVEMENT
1261,CODE_IMPROVEMENT
1262,CODE_IMPROVEMENT
1263,MISC
1264,CODE_IMPROVEMENT
1265,CODE_IMPROVEMENT
1266,CODE_IMPROVEMENT
1267,DEFECT
1268,CODE_IMPROVEMENT
1269,CODE_IMPROVEMENT
1270,CODE_IMPROVEMENT
1271,DEFECT
1272,DEFECT
1273,DEFECT
1274,DEFECT
1275,CODE_IMPROVEMENT
1276,TESTING
1277,CODE_IMPROVEMENT
1278,DEFECT
1279,CODE_IMPROVEMENT
1280,CODE_IMPROVEMENT
1281,CODE_IMPROVEMENT
1282,CODE_IMPROVEMENT
1283,CODE_IMPROVEMENT
1284,CODE_IMPROVEMENT
1285,CODE_IMPROVEMENT
1286,DEFECT
1287,CODE_IMPROVEMENT
1288,CODE_IMPROVEMENT
1289,TESTING
1290,DEFECT
1291,CODE_IMPROVEMENT
1292,CODE_IMPROVEMENT
1293,CODE_IMPROVEMENT
1294,CODE_IMPROVEMENT
1295,DEFECT
1296,CODE_IMPROVEMENT
1297,CODE_IMPROVEMENT
1298,CODE_IMPROVEMENT
1299,CODE_IMPROVEMENT
1300,TESTING
1301,CODE_IMPROVEMENT
1302,DEFECT
1303,CODE_IMPROVEMENT
1304,CODE_IMPROVEMENT
1305,CODE_IMPROVEMENT
1306,CODE_IMPROVEMENT
1307,DEFECT
1308,TESTING
1309,CODE_IMPROVEMENT
1310,TESTING
1311,EXTERNAL_IMPACT
1312,DEFECT
1313,CODE_IMPROVEMENT
1314,CODE_IMPROVEMENT
1315,DEFECT
1316,CODE_IMPROVEMENT
1317,CODE_IMPROVEMENT
1318,CODE_IMPROVEMENT
1319,CODE_IMPROVEMENT
1320,DEFECT
1321,DEFECT
1322,CODE_IMPROVEMENT
1323,CODE_IMPROVEMENT
1324,CODE_IMPROVEMENT
1325,DEFECT
1326,DEFECT
1327,CODE_IMPROVEMENT
1328,DEFECT
1329,CODE_IMPROVEMENT
1330,DEFECT
1331,DEFECT
1332,CODE_IMPROVEMENT
1333,DEFECT
1334,CODE_IMPROVEMENT
1335,DEFECT
1336,CODE_IMPROVEMENT
1337,DEFECT
1338,CODE_IMPROVEMENT
1339,CODE_IMPROVEMENT
1340,CODE_IMPROVEMENT
1341,CODE_IMPROVEMENT
1342,CODE_IMPROVEMENT
1343,DEFECT
1344,CODE_IMPROVEMENT
1345,DEFECT
1346,DEFECT
1347,EXTERNAL_IMPACT
1348,CODE_IMPROVEMENT
1349,CODE_IMPROVEMENT
1350,DEFECT
1351,CODE_IMPROVEMENT
1352,TESTING
1353,DEFECT
1354,CODE_IMPROVEMENT
1355,TESTING
1356,CODE_IMPROVEMENT
1357,DEFECT
1358,CODE_IMPROVEMENT
1359,CODE_IMPROVEMENT
1360,DEFECT
1361,DEFECT
1362,CODE_IMPROVEMENT
1363,DEFECT
1364,DEFECT
1365,CODE_IMPROVEMENT
1366,DEFECT
1367,CODE_IMPROVEMENT
1368,CODE_IMPROVEMENT
1369,CODE_IMPROVEMENT
1370,CODE_IMPROVEMENT
1371,CODE_IMPROVEMENT
1372,CODE_IMPROVEMENT
1373,EXTERNAL_IMPACT
1374,TESTING
1375,DEFECT
1376,DEFECT
1377,DEFECT
1378,CODE_IMPROVEMENT
1379,CODE_IMPROVEMENT
1380,CODE_IMPROVEMENT
1381,CODE_IMPROVEMENT
1382,DEFECT
1383,CODE_IMPROVEMENT
1384,DEFECT
1385,CODE_IMPROVEMENT
1386,TESTING
1387,CODE_IMPROVEMENT
1388,DEFECT
1389,DEFECT
1390,DEFECT
1391,CODE_IMPROVEMENT
1392,DEFECT
1393,DEFECT
1394,DEFECT
1395,CODE_IMPROVEMENT
1396,CODE_IMPROVEMENT
1397,DEFECT
1398,CODE_IMPROVEMENT
1399,CODE_IMPROVEMENT
1400,CODE_IMPROVEMENT
1401,CODE_IMPROVEMENT
1402,CODE_IMPROVEMENT
1403,DEFECT
1404,CODE_IMPROVEMENT
1405,CODE_IMPROVEMENT
1406,CODE_IMPROVEMENT
1407,DEFECT
1408,DEFECT
1409,CODE_IMPROVEMENT
1410,DEFECT
1411,KNOWLEDGE_TRANSFER
1412,DEFECT
1413,TESTING
1414,DEFECT
1415,TESTING
1416,CODE_IMPROVEMENT
1417,CODE_IMPROVEMENT
1418,TESTING
1419,SETUP
1420,DEFECT
1421,DEFECT
1422,CODE_IMPROVEMENT
1423,CODE_IMPROVEMENT
1424,CODE_IMPROVEMENT
1425,CODE_IMPROVEMENT
1426,TESTING
1427,CODE_IMPROVEMENT
1428,CODE_IMPROVEMENT
1429,DEFECT
1430,CODE_IMPROVEMENT
1431,DEFECT
1432,DEFECT
1433,SOCIAL
1434,EXTERNAL_IMPACT
1435,CODE_IMPROVEMENT
1436,CODE_IMPROVEMENT
1437,DEFECT
1438,CODE_IMPROVEMENT
1439,DEFECT
1440,DEFECT
1441,CODE_IMPROVEMENT
1442,CODE_IMPROVEMENT
1443,CODE_IMPROVEMENT
1444,CODE_IMPROVEMENT
1445,DEFECT
1446,CODE_IMPROVEMENT
1447,CODE_IMPROVEMENT
1448,CODE_IMPROVEMENT
1449,CODE_IMPROVEMENT
1450,CODE_IMPROVEMENT
1451,CODE_IMPROVEMENT
1452,CODE_IMPROVEMENT
1453,DEFECT
1454,DEFECT
1455,CODE_IMPROVEMENT
1456,CODE_IMPROVEMENT
1457,EXTERNAL_IMPACT
1458,CODE_IMPROVEMENT
1459,DEFECT
1460,DEFECT
1461,CODE_IMPROVEMENT
1462,CODE_IMPROVEMENT
1463,CODE_IMPROVEMENT
1464,CODE_IMPROVEMENT
1465,DEFECT
1466,CODE_IMPROVEMENT
1467,CODE_IMPROVEMENT
1468,CODE_IMPROVEMENT
1469,DEFECT
1470,CODE_IMPROVEMENT
1471,CODE_IMPROVEMENT
1472,CODE_IMPROVEMENT
1473,DEFECT
1474,CODE_IMPROVEMENT
1475,CODE_IMPROVEMENT
1476,CODE_IMPROVEMENT
1477,CODE_IMPROVEMENT
1478,CODE_IMPROVEMENT
1479,CODE_IMPROVEMENT
1480,CODE_IMPROVEMENT
1481,DEFECT
1482,CODE_IMPROVEMENT
1483,CODE_IMPROVEMENT
1484,DEFECT
1485,DEFECT
1486,CODE_IMPROVEMENT
1487,CODE_IMPROVEMENT
1488,CODE_IMPROVEMENT
1489,DEFECT
1490,DEFECT
1491,CODE_IMPROVEMENT
1492,CODE_IMPROVEMENT
1493,DEFECT
1494,CODE_IMPROVEMENT
1495,CODE_IMPROVEMENT
1496,CODE_IMPROVEMENT
1497,DEFECT
1498,CODE_IMPROVEMENT
1499,DEFECT
